Type,File name,Nodes count, ,Leaves count,% leaves, ,1 child,2 childrens,3 childrens,4 childrens,5 childrens,6 childrens,7 childrens,8 childrens,9 childrens,10 childrens,11 childrens,12 childrens,13 childrens,14 childrens,15 childrens,16 childrens,17 childrens,18 childrens,19 childrens,20 childrens,21 childrens,22 childrens,23 childrens,24 childrens,25 childrens,26 childrens,27 childrens,28 childrens,29 childrens,30 childrens,More than 30, ,P(X=2)/P(X=1),P(X=3)/P(X=2),P(X=4)/P(X=3),P(X=5)/P(X=4),P(X=6)/P(X=5),P(X=7)/P(X=6),P(X=8)/P(X=7),P(X=9)/P(X=8),P(X=10)/P(X=9),P(X=11)/P(X=10),P(X=12)/P(X=11),P(X=13)/P(X=12),P(X=14)/P(X=13),P(X=15)/P(X=14),P(X=16)/P(X=15),P(X=17)/P(X=16),P(X=18)/P(X=17),P(X=19)/P(X=18),P(X=20)/P(X=19),P(X=21)/P(X=20),P(X=22)/P(X=21),P(X=23)/P(X=22),P(X=24)/P(X=23),P(X=25)/P(X=24),P(X=26)/P(X=25),P(X=27)/P(X=26),P(X=28)/P(X=27),P(X=29)/P(X=28),P(X=30)/P(X=29), ,% 1 child,% 2 childrens,% 3 childrens,% 4 childrens,% 5 childrens,% 6 childrens,% 7 childrens,% 8 childrens,% 9 childrens,% 10 childrens,% 11 childrens,% 12 childrens,% 13 childrens,% 14 childrens,% 15 childrens,% 16 childrens,% 17 childrens,% 18 childrens,% 19 childrens,% 20 childrens,% 21 childrens,% 22 childrens,% 23 childrens,% 24 childrens,% 25 childrens,% 26 childrens,% 27 childrens,% 28 childrens,% 29 childrens,% 30 childrens,% More than 30
small,git.age.tdag,3673,,1269,34.5494,,1554,558,172,57,30,9,4,5,4,3,2,1,1,1,0,1,0,1,0,0,0,1,0,0,0,0,0,0,0,0,0,,0.3591,0.3082,0.3314,0.5263,0.3000,0.4444,1.2500,0.8000,0.7500,0.6667,0.5000,1.0000,1.0000,0.0000,0.0000,0.0000,0.0000,0.0000,0.0000,0.0000,0.0000,0.0000,0.0000,0.0000,0.0000,0.0000,0.0000,0.0000,0.0000,,42.3087,15.1919,4.6828,1.5519,0.8168,0.2450,0.1089,0.1361,0.1089,0.0817,0.0545,0.0272,0.0272,0.0272,0.0000,0.0272,0.0000,0.0272,0.0000,0.0000,0.0000,0.0272,0.0000,0.0000,0.0000,0.0000,0.0000,0.0000,0.0000,0.0000,0.0000
small,git.answer.tdag,7241,,379,5.2341,,5305,1242,205,50,23,17,5,6,6,0,0,0,1,0,0,0,2,0,0,0,0,0,0,0,0,0,0,0,0,0,0,,0.2341,0.1651,0.2439,0.4600,0.7391,0.2941,1.2000,1.0000,0.0000,0.0000,0.0000,0.0000,0.0000,0.0000,0.0000,0.0000,0.0000,0.0000,0.0000,0.0000,0.0000,0.0000,0.0000,0.0000,0.0000,0.0000,0.0000,0.0000,0.0000,,73.2634,17.1523,2.8311,0.6905,0.3176,0.2348,0.0691,0.0829,0.0829,0.0000,0.0000,0.0000,0.0138,0.0000,0.0000,0.0000,0.0276,0.0000,0.0000,0.0000,0.0000,0.0000,0.0000,0.0000,0.0000,0.0000,0.0000,0.0000,0.0000,0.0000,0.0000
small,git.flink-cdc.tdag,6615,,1825,27.5888,,3944,387,180,102,64,41,22,17,10,7,5,3,1,2,1,1,1,1,0,0,0,0,0,0,0,0,0,0,0,0,1,,0.0981,0.4651,0.5667,0.6275,0.6406,0.5366,0.7727,0.5882,0.7000,0.7143,0.6000,0.3333,2.0000,0.5000,1.0000,1.0000,1.0000,0.0000,0.0000,0.0000,0.0000,0.0000,0.0000,0.0000,0.0000,0.0000,0.0000,0.0000,0.0000,,59.6221,5.8503,2.7211,1.5420,0.9675,0.6198,0.3326,0.2570,0.1512,0.1058,0.0756,0.0454,0.0151,0.0302,0.0151,0.0151,0.0151,0.0151,0.0000,0.0000,0.0000,0.0000,0.0000,0.0000,0.0000,0.0000,0.0000,0.0000,0.0000,0.0000,0.0151
small,git.fury.tdag,5834,,1285,22.0261,,3499,719,217,72,29,8,2,2,1,0,0,0,0,0,0,0,0,0,0,0,0,0,0,0,0,0,0,0,0,0,0,,0.2055,0.3018,0.3318,0.4028,0.2759,0.2500,1.0000,0.5000,0.0000,0.0000,0.0000,0.0000,0.0000,0.0000,0.0000,0.0000,0.0000,0.0000,0.0000,0.0000,0.0000,0.0000,0.0000,0.0000,0.0000,0.0000,0.0000,0.0000,0.0000,,59.9760,12.3243,3.7196,1.2341,0.4971,0.1371,0.0343,0.0343,0.0171,0.0000,0.0000,0.0000,0.0000,0.0000,0.0000,0.0000,0.0000,0.0000,0.0000,0.0000,0.0000,0.0000,0.0000,0.0000,0.0000,0.0000,0.0000,0.0000,0.0000,0.0000,0.0000
small,git.guacamole-server.tdag,4648,,115,2.4742,,3962,297,159,72,25,9,3,2,2,1,0,0,1,0,0,0,0,0,0,0,0,0,0,0,0,0,0,0,0,0,0,,0.0750,0.5354,0.4528,0.3472,0.3600,0.3333,0.6667,1.0000,0.5000,0.0000,0.0000,0.0000,0.0000,0.0000,0.0000,0.0000,0.0000,0.0000,0.0000,0.0000,0.0000,0.0000,0.0000,0.0000,0.0000,0.0000,0.0000,0.0000,0.0000,,85.2410,6.3898,3.4208,1.5491,0.5379,0.1936,0.0645,0.0430,0.0430,0.0215,0.0000,0.0000,0.0215,0.0000,0.0000,0.0000,0.0000,0.0000,0.0000,0.0000,0.0000,0.0000,0.0000,0.0000,0.0000,0.0000,0.0000,0.0000,0.0000,0.0000,0.0000
small,git.horaedb.tdag,6216,,1144,18.4041,,4308,393,197,101,47,14,8,1,1,1,0,1,0,0,0,0,0,0,0,0,0,0,0,0,0,0,0,0,0,0,0,,0.0912,0.5013,0.5127,0.4653,0.2979,0.5714,0.1250,1.0000,1.0000,0.0000,0.0000,0.0000,0.0000,0.0000,0.0000,0.0000,0.0000,0.0000,0.0000,0.0000,0.0000,0.0000,0.0000,0.0000,0.0000,0.0000,0.0000,0.0000,0.0000,,69.3050,6.3224,3.1692,1.6248,0.7561,0.2252,0.1287,0.0161,0.0161,0.0161,0.0000,0.0161,0.0000,0.0000,0.0000,0.0000,0.0000,0.0000,0.0000,0.0000,0.0000,0.0000,0.0000,0.0000,0.0000,0.0000,0.0000,0.0000,0.0000,0.0000,0.0000
small,git.incubator-hivemall.tdag,4172,,247,5.9204,,3480,331,65,24,12,7,1,1,0,1,0,0,1,0,1,0,0,0,0,0,1,0,0,0,0,0,0,0,0,0,0,,0.0951,0.1964,0.3692,0.5000,0.5833,0.1429,1.0000,0.0000,0.0000,0.0000,0.0000,0.0000,0.0000,0.0000,0.0000,0.0000,0.0000,0.0000,0.0000,0.0000,0.0000,0.0000,0.0000,0.0000,0.0000,0.0000,0.0000,0.0000,0.0000,,83.4132,7.9338,1.5580,0.5753,0.2876,0.1678,0.0240,0.0240,0.0000,0.0240,0.0000,0.0000,0.0240,0.0000,0.0240,0.0000,0.0000,0.0000,0.0000,0.0000,0.0240,0.0000,0.0000,0.0000,0.0000,0.0000,0.0000,0.0000,0.0000,0.0000,0.0000
small,git.incubator-livy.tdag,2155,,452,20.9745,,1474,91,49,33,19,14,6,7,1,3,1,1,1,0,0,0,0,0,0,0,0,0,0,1,0,0,0,0,0,0,2,,0.0617,0.5385,0.6735,0.5758,0.7368,0.4286,1.1667,0.1429,3.0000,0.3333,1.0000,1.0000,0.0000,0.0000,0.0000,0.0000,0.0000,0.0000,0.0000,0.0000,0.0000,0.0000,0.0000,0.0000,0.0000,0.0000,0.0000,0.0000,0.0000,,68.3991,4.2227,2.2738,1.5313,0.8817,0.6497,0.2784,0.3248,0.0464,0.1392,0.0464,0.0464,0.0464,0.0000,0.0000,0.0000,0.0000,0.0000,0.0000,0.0000,0.0000,0.0000,0.0000,0.0464,0.0000,0.0000,0.0000,0.0000,0.0000,0.0000,0.0928
small,git.incubator-pagespeed-ngx.tdag,7399,,467,6.3117,,6158,478,181,70,23,11,6,2,1,1,1,0,0,0,0,0,0,0,0,0,0,0,0,0,0,0,0,0,0,0,0,,0.0776,0.3787,0.3867,0.3286,0.4783,0.5455,0.3333,0.5000,1.0000,1.0000,0.0000,0.0000,0.0000,0.0000,0.0000,0.0000,0.0000,0.0000,0.0000,0.0000,0.0000,0.0000,0.0000,0.0000,0.0000,0.0000,0.0000,0.0000,0.0000,,83.2275,6.4603,2.4463,0.9461,0.3109,0.1487,0.0811,0.0270,0.0135,0.0135,0.0135,0.0000,0.0000,0.0000,0.0000,0.0000,0.0000,0.0000,0.0000,0.0000,0.0000,0.0000,0.0000,0.0000,0.0000,0.0000,0.0000,0.0000,0.0000,0.0000,0.0000
small,git.incubator-teaclave.tdag,2005,,496,24.7382,,1130,288,54,26,6,2,2,0,0,0,0,0,0,0,0,0,0,1,0,0,0,0,0,0,0,0,0,0,0,0,0,,0.2549,0.1875,0.4815,0.2308,0.3333,1.0000,0.0000,0.0000,0.0000,0.0000,0.0000,0.0000,0.0000,0.0000,0.0000,0.0000,0.0000,0.0000,0.0000,0.0000,0.0000,0.0000,0.0000,0.0000,0.0000,0.0000,0.0000,0.0000,0.0000,,56.3591,14.3641,2.6933,1.2968,0.2993,0.0998,0.0998,0.0000,0.0000,0.0000,0.0000,0.0000,0.0000,0.0000,0.0000,0.0000,0.0000,0.0499,0.0000,0.0000,0.0000,0.0000,0.0000,0.0000,0.0000,0.0000,0.0000,0.0000,0.0000,0.0000,0.0000
small,git.incubator-toree.tdag,1627,,143,8.7892,,1294,127,32,11,7,8,4,0,0,0,0,0,0,0,1,0,0,0,0,0,0,0,0,0,0,0,0,0,0,0,0,,0.0981,0.2520,0.3438,0.6364,1.1429,0.5000,0.0000,0.0000,0.0000,0.0000,0.0000,0.0000,0.0000,0.0000,0.0000,0.0000,0.0000,0.0000,0.0000,0.0000,0.0000,0.0000,0.0000,0.0000,0.0000,0.0000,0.0000,0.0000,0.0000,,79.5329,7.8058,1.9668,0.6761,0.4302,0.4917,0.2459,0.0000,0.0000,0.0000,0.0000,0.0000,0.0000,0.0000,0.0615,0.0000,0.0000,0.0000,0.0000,0.0000,0.0000,0.0000,0.0000,0.0000,0.0000,0.0000,0.0000,0.0000,0.0000,0.0000,0.0000
small,git.incubator-wayang.tdag,3120,,86,2.7564,,2626,283,71,34,12,6,2,0,0,0,0,0,0,0,0,0,0,0,0,0,0,0,0,0,0,0,0,0,0,0,0,,0.1078,0.2509,0.4789,0.3529,0.5000,0.3333,0.0000,0.0000,0.0000,0.0000,0.0000,0.0000,0.0000,0.0000,0.0000,0.0000,0.0000,0.0000,0.0000,0.0000,0.0000,0.0000,0.0000,0.0000,0.0000,0.0000,0.0000,0.0000,0.0000,,84.1667,9.0705,2.2756,1.0897,0.3846,0.1923,0.0641,0.0000,0.0000,0.0000,0.0000,0.0000,0.0000,0.0000,0.0000,0.0000,0.0000,0.0000,0.0000,0.0000,0.0000,0.0000,0.0000,0.0000,0.0000,0.0000,0.0000,0.0000,0.0000,0.0000,0.0000
small,git.sdap-ingester.tdag,688,,103,14.9709,,496,57,20,3,2,3,0,1,0,1,1,1,0,0,0,0,0,0,0,0,0,0,0,0,0,0,0,0,0,0,0,,0.1149,0.3509,0.1500,0.6667,1.5000,0.0000,0.0000,0.0000,0.0000,1.0000,1.0000,0.0000,0.0000,0.0000,0.0000,0.0000,0.0000,0.0000,0.0000,0.0000,0.0000,0.0000,0.0000,0.0000,0.0000,0.0000,0.0000,0.0000,0.0000,,72.0930,8.2849,2.9070,0.4360,0.2907,0.4360,0.0000,0.1453,0.0000,0.1453,0.1453,0.1453,0.0000,0.0000,0.0000,0.0000,0.0000,0.0000,0.0000,0.0000,0.0000,0.0000,0.0000,0.0000,0.0000,0.0000,0.0000,0.0000,0.0000,0.0000,0.0000
small,git.sedona.tdag,8139,,1303,16.0093,,5845,563,232,97,47,24,12,9,3,3,0,0,0,0,0,0,0,1,0,0,0,0,0,0,0,0,0,0,0,0,0,,0.0963,0.4121,0.4181,0.4845,0.5106,0.5000,0.7500,0.3333,1.0000,0.0000,0.0000,0.0000,0.0000,0.0000,0.0000,0.0000,0.0000,0.0000,0.0000,0.0000,0.0000,0.0000,0.0000,0.0000,0.0000,0.0000,0.0000,0.0000,0.0000,,71.8147,6.9173,2.8505,1.1918,0.5775,0.2949,0.1474,0.1106,0.0369,0.0369,0.0000,0.0000,0.0000,0.0000,0.0000,0.0000,0.0000,0.0123,0.0000,0.0000,0.0000,0.0000,0.0000,0.0000,0.0000,0.0000,0.0000,0.0000,0.0000,0.0000,0.0000
small,git.WSL.tdag,840,,97,11.5476,,629,77,20,7,3,3,2,0,0,1,1,0,0,0,0,0,0,0,0,0,0,0,0,0,0,0,0,0,0,0,0,,0.1224,0.2597,0.3500,0.4286,1.0000,0.6667,0.0000,0.0000,0.0000,1.0000,0.0000,0.0000,0.0000,0.0000,0.0000,0.0000,0.0000,0.0000,0.0000,0.0000,0.0000,0.0000,0.0000,0.0000,0.0000,0.0000,0.0000,0.0000,0.0000,,74.8810,9.1667,2.3810,0.8333,0.3571,0.3571,0.2381,0.0000,0.0000,0.1190,0.1190,0.0000,0.0000,0.0000,0.0000,0.0000,0.0000,0.0000,0.0000,0.0000,0.0000,0.0000,0.0000,0.0000,0.0000,0.0000,0.0000,0.0000,0.0000,0.0000,0.0000
medium,git.apisix.tdag,30774,,5199,16.8941,,22840,1214,580,376,202,131,91,51,35,24,12,9,3,2,2,0,1,1,0,0,0,0,0,0,0,0,0,0,1,0,0,,0.0532,0.4778,0.6483,0.5372,0.6485,0.6947,0.5604,0.6863,0.6857,0.5000,0.7500,0.3333,0.6667,1.0000,0.0000,0.0000,1.0000,0.0000,0.0000,0.0000,0.0000,0.0000,0.0000,0.0000,0.0000,0.0000,0.0000,0.0000,0.0000,,74.2185,3.9449,1.8847,1.2218,0.6564,0.4257,0.2957,0.1657,0.1137,0.0780,0.0390,0.0292,0.0097,0.0065,0.0065,0.0000,0.0032,0.0032,0.0000,0.0000,0.0000,0.0000,0.0000,0.0000,0.0000,0.0000,0.0000,0.0000,0.0032,0.0000,0.0000
medium,git.cassandra.tdag,51376,,4176,8.1283,,32488,12569,1423,430,165,64,23,18,3,4,2,3,2,0,2,0,1,0,0,0,0,0,1,0,1,0,0,0,0,0,1,,0.3869,0.1132,0.3022,0.3837,0.3879,0.3594,0.7826,0.1667,1.3333,0.5000,1.5000,0.6667,0.0000,0.0000,0.0000,0.0000,0.0000,0.0000,0.0000,0.0000,0.0000,0.0000,0.0000,0.0000,0.0000,0.0000,0.0000,0.0000,0.0000,,63.2358,24.4647,2.7698,0.8370,0.3212,0.1246,0.0448,0.0350,0.0058,0.0078,0.0039,0.0058,0.0039,0.0000,0.0039,0.0000,0.0019,0.0000,0.0000,0.0000,0.0000,0.0000,0.0019,0.0000,0.0019,0.0000,0.0000,0.0000,0.0000,0.0000,0.0019
medium,git.celeborn.tdag,13454,,2718,20.2022,,9251,720,341,194,116,57,27,15,9,1,2,1,0,1,0,0,1,0,0,0,0,0,0,0,0,0,0,0,0,0,0,,0.0778,0.4736,0.5689,0.5979,0.4914,0.4737,0.5556,0.6000,0.1111,2.0000,0.5000,0.0000,0.0000,0.0000,0.0000,0.0000,0.0000,0.0000,0.0000,0.0000,0.0000,0.0000,0.0000,0.0000,0.0000,0.0000,0.0000,0.0000,0.0000,,68.7602,5.3516,2.5346,1.4420,0.8622,0.4237,0.2007,0.1115,0.0669,0.0074,0.0149,0.0074,0.0000,0.0074,0.0000,0.0000,0.0074,0.0000,0.0000,0.0000,0.0000,0.0000,0.0000,0.0000,0.0000,0.0000,0.0000,0.0000,0.0000,0.0000,0.0000
medium,git.couchdb.tdag,25671,,2898,11.2890,,19171,2662,624,208,70,23,8,3,1,0,1,2,0,0,0,0,0,0,0,0,0,0,0,0,0,0,0,0,0,0,0,,0.1389,0.2344,0.3333,0.3365,0.3286,0.3478,0.3750,0.3333,0.0000,0.0000,2.0000,0.0000,0.0000,0.0000,0.0000,0.0000,0.0000,0.0000,0.0000,0.0000,0.0000,0.0000,0.0000,0.0000,0.0000,0.0000,0.0000,0.0000,0.0000,,74.6796,10.3697,2.4308,0.8103,0.2727,0.0896,0.0312,0.0117,0.0039,0.0000,0.0039,0.0078,0.0000,0.0000,0.0000,0.0000,0.0000,0.0000,0.0000,0.0000,0.0000,0.0000,0.0000,0.0000,0.0000,0.0000,0.0000,0.0000,0.0000,0.0000,0.0000
medium,git.django.tdag,93186,,14638,15.7084,,67362,6177,2491,1118,584,346,184,111,58,37,16,14,13,7,7,2,1,0,1,2,2,1,1,0,3,2,0,2,0,0,6,,0.0917,0.4033,0.4488,0.5224,0.5925,0.5318,0.6033,0.5225,0.6379,0.4324,0.8750,0.9286,0.5385,1.0000,0.2857,0.5000,0.0000,0.0000,2.0000,1.0000,0.5000,1.0000,0.0000,0.0000,0.6667,0.0000,0.0000,0.0000,0.0000,,72.2877,6.6287,2.6731,1.1998,0.6267,0.3713,0.1975,0.1191,0.0622,0.0397,0.0172,0.0150,0.0140,0.0075,0.0075,0.0021,0.0011,0.0000,0.0011,0.0021,0.0021,0.0011,0.0011,0.0000,0.0032,0.0021,0.0000,0.0021,0.0000,0.0000,0.0064
medium,git.docker-ce.tdag,59437,,117,0.1968,,47660,5464,2929,1547,811,419,219,110,62,36,22,10,8,10,6,3,2,1,1,0,0,0,0,0,0,0,0,0,0,0,0,,0.1146,0.5361,0.5282,0.5242,0.5166,0.5227,0.5023,0.5636,0.5806,0.6111,0.4545,0.8000,1.2500,0.6000,0.5000,0.6667,0.5000,1.0000,0.0000,0.0000,0.0000,0.0000,0.0000,0.0000,0.0000,0.0000,0.0000,0.0000,0.0000,,80.1857,9.1929,4.9279,2.6028,1.3645,0.7049,0.3685,0.1851,0.1043,0.0606,0.0370,0.0168,0.0135,0.0168,0.0101,0.0050,0.0034,0.0017,0.0017,0.0000,0.0000,0.0000,0.0000,0.0000,0.0000,0.0000,0.0000,0.0000,0.0000,0.0000,0.0000
medium,git.dolphinscheduler.tdag,46926,,6512,13.8772,,33626,3496,1426,716,463,272,154,93,71,32,22,9,12,5,8,1,4,1,1,1,0,0,0,0,0,0,0,1,0,0,0,,0.1040,0.4079,0.5021,0.6466,0.5875,0.5662,0.6039,0.7634,0.4507,0.6875,0.4091,1.3333,0.4167,1.6000,0.1250,4.0000,0.2500,1.0000,1.0000,0.0000,0.0000,0.0000,0.0000,0.0000,0.0000,0.0000,0.0000,0.0000,0.0000,,71.6575,7.4500,3.0388,1.5258,0.9867,0.5796,0.3282,0.1982,0.1513,0.0682,0.0469,0.0192,0.0256,0.0107,0.0170,0.0021,0.0085,0.0021,0.0021,0.0021,0.0000,0.0000,0.0000,0.0000,0.0000,0.0000,0.0000,0.0021,0.0000,0.0000,0.0000
medium,git.druid.tdag,70919,,11151,15.7236,,51826,3450,1649,1055,618,390,296,160,124,83,36,21,16,17,12,2,3,3,5,1,0,0,0,0,0,0,1,0,0,0,0,,0.0666,0.4780,0.6398,0.5858,0.6311,0.7590,0.5405,0.7750,0.6694,0.4337,0.5833,0.7619,1.0625,0.7059,0.1667,1.5000,1.0000,1.6667,0.2000,0.0000,0.0000,0.0000,0.0000,0.0000,0.0000,0.0000,0.0000,0.0000,0.0000,,73.0777,4.8647,2.3252,1.4876,0.8714,0.5499,0.4174,0.2256,0.1748,0.1170,0.0508,0.0296,0.0226,0.0240,0.0169,0.0028,0.0042,0.0042,0.0071,0.0014,0.0000,0.0000,0.0000,0.0000,0.0000,0.0000,0.0014,0.0000,0.0000,0.0000,0.0000
medium,git.eclipse.platform.swt.tdag,35813,,1659,4.6324,,32983,825,207,99,26,6,4,1,0,1,0,1,0,0,0,0,0,0,0,0,0,0,0,0,0,0,0,0,0,0,1,,0.0250,0.2509,0.4783,0.2626,0.2308,0.6667,0.2500,0.0000,0.0000,0.0000,0.0000,0.0000,0.0000,0.0000,0.0000,0.0000,0.0000,0.0000,0.0000,0.0000,0.0000,0.0000,0.0000,0.0000,0.0000,0.0000,0.0000,0.0000,0.0000,,92.0978,2.3036,0.5780,0.2764,0.0726,0.0168,0.0112,0.0028,0.0000,0.0028,0.0000,0.0028,0.0000,0.0000,0.0000,0.0000,0.0000,0.0000,0.0000,0.0000,0.0000,0.0000,0.0000,0.0000,0.0000,0.0000,0.0000,0.0000,0.0000,0.0000,0.0028
medium,git.eclipse.platform.tdag,49585,,1403,2.8295,,47134,719,213,69,28,17,1,0,0,0,0,0,0,0,0,0,0,0,0,0,0,0,0,0,0,0,1,0,0,0,0,,0.0153,0.2962,0.3239,0.4058,0.6071,0.0588,0.0000,0.0000,0.0000,0.0000,0.0000,0.0000,0.0000,0.0000,0.0000,0.0000,0.0000,0.0000,0.0000,0.0000,0.0000,0.0000,0.0000,0.0000,0.0000,0.0000,0.0000,0.0000,0.0000,,95.0570,1.4500,0.4296,0.1392,0.0565,0.0343,0.0020,0.0000,0.0000,0.0000,0.0000,0.0000,0.0000,0.0000,0.0000,0.0000,0.0000,0.0000,0.0000,0.0000,0.0000,0.0000,0.0000,0.0000,0.0000,0.0000,0.0020,0.0000,0.0000,0.0000,0.0000
medium,git.eclipse.platform.ui.tdag,93275,,2171,2.3275,,89588,1031,285,114,47,18,13,2,0,2,1,0,1,0,0,1,0,0,0,0,0,0,0,0,0,0,0,0,0,0,1,,0.0115,0.2764,0.4000,0.4123,0.3830,0.7222,0.1538,0.0000,0.0000,0.5000,0.0000,0.0000,0.0000,0.0000,0.0000,0.0000,0.0000,0.0000,0.0000,0.0000,0.0000,0.0000,0.0000,0.0000,0.0000,0.0000,0.0000,0.0000,0.0000,,96.0472,1.1053,0.3055,0.1222,0.0504,0.0193,0.0139,0.0021,0.0000,0.0021,0.0011,0.0000,0.0011,0.0000,0.0000,0.0011,0.0000,0.0000,0.0000,0.0000,0.0000,0.0000,0.0000,0.0000,0.0000,0.0000,0.0000,0.0000,0.0000,0.0000,0.0011
medium,git.eventmesh.tdag,18378,,1441,7.8409,,14149,1743,436,208,147,78,61,26,24,8,12,7,11,8,7,4,0,3,1,2,0,0,0,0,0,0,0,0,0,1,1,,0.1232,0.2501,0.4771,0.7067,0.5306,0.7821,0.4262,0.9231,0.3333,1.5000,0.5833,1.5714,0.7273,0.8750,0.5714,0.0000,0.0000,0.3333,2.0000,0.0000,0.0000,0.0000,0.0000,0.0000,0.0000,0.0000,0.0000,0.0000,0.0000,,76.9888,9.4842,2.3724,1.1318,0.7999,0.4244,0.3319,0.1415,0.1306,0.0435,0.0653,0.0381,0.0599,0.0435,0.0381,0.0218,0.0000,0.0163,0.0054,0.0109,0.0000,0.0000,0.0000,0.0000,0.0000,0.0000,0.0000,0.0000,0.0000,0.0054,0.0054
medium,git.gimp.tdag,69868,,1349,1.9308,,67373,884,143,67,25,7,5,5,2,3,2,0,0,1,0,0,0,1,1,0,0,0,0,0,0,0,0,0,0,0,0,,0.0131,0.1618,0.4685,0.3731,0.2800,0.7143,1.0000,0.4000,1.5000,0.6667,0.0000,0.0000,0.0000,0.0000,0.0000,0.0000,0.0000,1.0000,0.0000,0.0000,0.0000,0.0000,0.0000,0.0000,0.0000,0.0000,0.0000,0.0000,0.0000,,96.4290,1.2652,0.2047,0.0959,0.0358,0.0100,0.0072,0.0072,0.0029,0.0043,0.0029,0.0000,0.0000,0.0014,0.0000,0.0000,0.0000,0.0014,0.0014,0.0000,0.0000,0.0000,0.0000,0.0000,0.0000,0.0000,0.0000,0.0000,0.0000,0.0000,0.0000
medium,git.hbase.tdag,76800,,7200,9.3750,,64984,2957,875,364,204,93,43,37,21,11,5,1,2,0,0,1,0,0,0,0,0,0,0,0,1,0,0,0,0,0,1,,0.0455,0.2959,0.4160,0.5604,0.4559,0.4624,0.8605,0.5676,0.5238,0.4545,0.2000,2.0000,0.0000,0.0000,0.0000,0.0000,0.0000,0.0000,0.0000,0.0000,0.0000,0.0000,0.0000,0.0000,0.0000,0.0000,0.0000,0.0000,0.0000,,84.6146,3.8503,1.1393,0.4740,0.2656,0.1211,0.0560,0.0482,0.0273,0.0143,0.0065,0.0013,0.0026,0.0000,0.0000,0.0013,0.0000,0.0000,0.0000,0.0000,0.0000,0.0000,0.0000,0.0000,0.0013,0.0000,0.0000,0.0000,0.0000,0.0000,0.0013
medium,git.hive.tdag,60519,,5723,9.4565,,51037,2161,732,330,230,122,66,38,21,25,8,8,6,4,2,0,1,1,1,1,0,0,0,0,0,1,0,0,0,0,1,,0.0423,0.3387,0.4508,0.6970,0.5304,0.5410,0.5758,0.5526,1.1905,0.3200,1.0000,0.7500,0.6667,0.5000,0.0000,0.0000,1.0000,1.0000,1.0000,0.0000,0.0000,0.0000,0.0000,0.0000,0.0000,0.0000,0.0000,0.0000,0.0000,,84.3322,3.5708,1.2095,0.5453,0.3800,0.2016,0.1091,0.0628,0.0347,0.0413,0.0132,0.0132,0.0099,0.0066,0.0033,0.0000,0.0017,0.0017,0.0017,0.0017,0.0000,0.0000,0.0000,0.0000,0.0000,0.0017,0.0000,0.0000,0.0000,0.0000,0.0017
medium,git.incubator-devlake.tdag,19474,,4055,20.8226,,11424,2656,841,301,114,48,21,10,0,2,1,1,0,0,0,0,0,0,0,0,0,0,0,0,0,0,0,0,0,0,0,,0.2325,0.3166,0.3579,0.3787,0.4211,0.4375,0.4762,0.0000,0.0000,0.5000,1.0000,0.0000,0.0000,0.0000,0.0000,0.0000,0.0000,0.0000,0.0000,0.0000,0.0000,0.0000,0.0000,0.0000,0.0000,0.0000,0.0000,0.0000,0.0000,,58.6628,13.6387,4.3186,1.5457,0.5854,0.2465,0.1078,0.0514,0.0000,0.0103,0.0051,0.0051,0.0000,0.0000,0.0000,0.0000,0.0000,0.0000,0.0000,0.0000,0.0000,0.0000,0.0000,0.0000,0.0000,0.0000,0.0000,0.0000,0.0000,0.0000,0.0000
medium,git.incubator-pagespeed-mod.tdag,14468,,489,3.3799,,13561,307,75,20,7,5,2,1,0,0,0,0,1,0,0,0,0,0,0,0,0,0,0,0,0,0,0,0,0,0,0,,0.0226,0.2443,0.2667,0.3500,0.7143,0.4000,0.5000,0.0000,0.0000,0.0000,0.0000,0.0000,0.0000,0.0000,0.0000,0.0000,0.0000,0.0000,0.0000,0.0000,0.0000,0.0000,0.0000,0.0000,0.0000,0.0000,0.0000,0.0000,0.0000,,93.7310,2.1219,0.5184,0.1382,0.0484,0.0346,0.0138,0.0069,0.0000,0.0000,0.0000,0.0000,0.0069,0.0000,0.0000,0.0000,0.0000,0.0000,0.0000,0.0000,0.0000,0.0000,0.0000,0.0000,0.0000,0.0000,0.0000,0.0000,0.0000,0.0000,0.0000
medium,git.incubator-pegasus.tdag,14402,,1441,10.0056,,11109,1100,402,201,81,42,16,2,4,2,0,1,0,0,1,0,0,0,0,0,0,0,0,0,0,0,0,0,0,0,0,,0.0990,0.3655,0.5000,0.4030,0.5185,0.3810,0.1250,2.0000,0.5000,0.0000,0.0000,0.0000,0.0000,0.0000,0.0000,0.0000,0.0000,0.0000,0.0000,0.0000,0.0000,0.0000,0.0000,0.0000,0.0000,0.0000,0.0000,0.0000,0.0000,,77.1351,7.6378,2.7913,1.3956,0.5624,0.2916,0.1111,0.0139,0.0278,0.0139,0.0000,0.0069,0.0000,0.0000,0.0069,0.0000,0.0000,0.0000,0.0000,0.0000,0.0000,0.0000,0.0000,0.0000,0.0000,0.0000,0.0000,0.0000,0.0000,0.0000,0.0000
medium,git.incubator-seata.tdag,27256,,2695,9.8877,,21157,1615,398,280,250,212,153,107,80,53,55,46,25,26,22,12,13,11,2,7,6,4,11,3,2,0,3,3,0,0,5,,0.0763,0.2464,0.7035,0.8929,0.8480,0.7217,0.6993,0.7477,0.6625,1.0377,0.8364,0.5435,1.0400,0.8462,0.5455,1.0833,0.8462,0.1818,3.5000,0.8571,0.6667,2.7500,0.2727,0.6667,0.0000,0.0000,1.0000,0.0000,0.0000,,77.6233,5.9253,1.4602,1.0273,0.9172,0.7778,0.5613,0.3926,0.2935,0.1945,0.2018,0.1688,0.0917,0.0954,0.0807,0.0440,0.0477,0.0404,0.0073,0.0257,0.0220,0.0147,0.0404,0.0110,0.0073,0.0000,0.0110,0.0110,0.0000,0.0000,0.0183
medium,git.incubator-superset.tdag,12438,,177,1.4231,,12001,223,27,7,1,0,0,0,0,0,0,0,0,0,0,0,0,0,0,0,0,0,0,0,0,0,0,0,0,0,2,,0.0186,0.1211,0.2593,0.1429,0.0000,0.0000,0.0000,0.0000,0.0000,0.0000,0.0000,0.0000,0.0000,0.0000,0.0000,0.0000,0.0000,0.0000,0.0000,0.0000,0.0000,0.0000,0.0000,0.0000,0.0000,0.0000,0.0000,0.0000,0.0000,,96.4866,1.7929,0.2171,0.0563,0.0080,0.0000,0.0000,0.0000,0.0000,0.0000,0.0000,0.0000,0.0000,0.0000,0.0000,0.0000,0.0000,0.0000,0.0000,0.0000,0.0000,0.0000,0.0000,0.0000,0.0000,0.0000,0.0000,0.0000,0.0000,0.0000,0.0161
medium,git.inkscape.tdag,15400,,7,0.0455,,15380,8,3,1,0,0,1,0,0,0,0,0,0,0,0,0,0,0,0,0,0,0,0,0,0,0,0,0,0,0,0,,0.0005,0.3750,0.3333,0.0000,0.0000,0.0000,0.0000,0.0000,0.0000,0.0000,0.0000,0.0000,0.0000,0.0000,0.0000,0.0000,0.0000,0.0000,0.0000,0.0000,0.0000,0.0000,0.0000,0.0000,0.0000,0.0000,0.0000,0.0000,0.0000,,99.8701,0.0519,0.0195,0.0065,0.0000,0.0000,0.0065,0.0000,0.0000,0.0000,0.0000,0.0000,0.0000,0.0000,0.0000,0.0000,0.0000,0.0000,0.0000,0.0000,0.0000,0.0000,0.0000,0.0000,0.0000,0.0000,0.0000,0.0000,0.0000,0.0000,0.0000
medium,git.kvrocks.tdag,12608,,1806,14.3242,,8960,849,443,257,158,80,34,13,1,3,1,0,1,1,1,0,0,0,0,0,0,0,0,0,0,0,0,0,0,0,0,,0.0948,0.5218,0.5801,0.6148,0.5063,0.4250,0.3824,0.0769,3.0000,0.3333,0.0000,0.0000,1.0000,1.0000,0.0000,0.0000,0.0000,0.0000,0.0000,0.0000,0.0000,0.0000,0.0000,0.0000,0.0000,0.0000,0.0000,0.0000,0.0000,,71.0660,6.7338,3.5136,2.0384,1.2532,0.6345,0.2697,0.1031,0.0079,0.0238,0.0079,0.0000,0.0079,0.0079,0.0079,0.0000,0.0000,0.0000,0.0000,0.0000,0.0000,0.0000,0.0000,0.0000,0.0000,0.0000,0.0000,0.0000,0.0000,0.0000,0.0000
medium,git.laravel.tdag,16290,,4168,25.5862,,9057,1650,517,293,173,97,76,43,55,31,20,12,11,11,8,7,7,3,9,12,0,1,2,1,2,2,1,0,0,3,18,,0.1822,0.3133,0.5667,0.5904,0.5607,0.7835,0.5658,1.2791,0.5636,0.6452,0.6000,0.9167,1.0000,0.7273,0.8750,1.0000,0.4286,3.0000,1.3333,0.0000,0.0000,2.0000,0.5000,2.0000,1.0000,0.5000,0.0000,0.0000,0.0000,,55.5985,10.1289,3.1737,1.7986,1.0620,0.5955,0.4665,0.2640,0.3376,0.1903,0.1228,0.0737,0.0675,0.0675,0.0491,0.0430,0.0430,0.0184,0.0552,0.0737,0.0000,0.0061,0.0123,0.0061,0.0123,0.0123,0.0061,0.0000,0.0000,0.0184,0.1105
medium,git.linkis.tdag,12070,,1873,15.5178,,8623,924,281,154,75,45,18,22,18,2,9,6,7,1,1,1,1,0,0,0,4,0,0,2,0,1,0,1,0,0,1,,0.1072,0.3041,0.5480,0.4870,0.6000,0.4000,1.2222,0.8182,0.1111,4.5000,0.6667,1.1667,0.1429,1.0000,1.0000,1.0000,0.0000,0.0000,0.0000,0.0000,0.0000,0.0000,0.0000,0.0000,0.0000,0.0000,0.0000,0.0000,0.0000,,71.4416,7.6553,2.3281,1.2759,0.6214,0.3728,0.1491,0.1823,0.1491,0.0166,0.0746,0.0497,0.0580,0.0083,0.0083,0.0083,0.0083,0.0000,0.0000,0.0000,0.0331,0.0000,0.0000,0.0166,0.0000,0.0083,0.0000,0.0083,0.0000,0.0000,0.0083
medium,git.lucene.tdag,85671,,3487,4.0702,,78512,2500,524,270,167,85,57,25,17,11,5,1,2,1,2,0,0,2,1,0,0,0,0,0,0,1,0,0,0,0,1,,0.0318,0.2096,0.5153,0.6185,0.5090,0.6706,0.4386,0.6800,0.6471,0.4545,0.2000,2.0000,0.5000,2.0000,0.0000,0.0000,0.0000,0.5000,0.0000,0.0000,0.0000,0.0000,0.0000,0.0000,0.0000,0.0000,0.0000,0.0000,0.0000,,91.6436,2.9181,0.6116,0.3152,0.1949,0.0992,0.0665,0.0292,0.0198,0.0128,0.0058,0.0012,0.0023,0.0012,0.0023,0.0000,0.0000,0.0023,0.0012,0.0000,0.0000,0.0000,0.0000,0.0000,0.0000,0.0012,0.0000,0.0000,0.0000,0.0000,0.0012
medium,git.mesos.tdag,23302,,622,2.6693,,22024,487,122,23,9,6,2,3,0,0,3,0,0,0,0,0,0,0,0,1,0,0,0,0,0,0,0,0,0,0,0,,0.0221,0.2505,0.1885,0.3913,0.6667,0.3333,1.5000,0.0000,0.0000,0.0000,0.0000,0.0000,0.0000,0.0000,0.0000,0.0000,0.0000,0.0000,0.0000,0.0000,0.0000,0.0000,0.0000,0.0000,0.0000,0.0000,0.0000,0.0000,0.0000,,94.5155,2.0899,0.5236,0.0987,0.0386,0.0257,0.0086,0.0129,0.0000,0.0000,0.0129,0.0000,0.0000,0.0000,0.0000,0.0000,0.0000,0.0000,0.0000,0.0043,0.0000,0.0000,0.0000,0.0000,0.0000,0.0000,0.0000,0.0000,0.0000,0.0000,0.0000
medium,git.moby.tdag,83956,,6403,7.6266,,62992,7009,3096,1670,1025,593,388,245,166,101,79,51,37,29,22,13,8,4,9,2,2,0,2,0,1,0,1,0,0,2,6,,0.1113,0.4417,0.5394,0.6138,0.5785,0.6543,0.6314,0.6776,0.6084,0.7822,0.6456,0.7255,0.7838,0.7586,0.5909,0.6154,0.5000,2.2500,0.2222,1.0000,0.0000,0.0000,0.0000,0.0000,0.0000,0.0000,0.0000,0.0000,0.0000,,75.0298,8.3484,3.6876,1.9891,1.2209,0.7063,0.4621,0.2918,0.1977,0.1203,0.0941,0.0607,0.0441,0.0345,0.0262,0.0155,0.0095,0.0048,0.0107,0.0024,0.0024,0.0000,0.0024,0.0000,0.0012,0.0000,0.0012,0.0000,0.0000,0.0024,0.0071
medium,git.nifi.tdag,39820,,9838,24.7062,,24281,2606,1348,725,426,237,149,78,43,31,15,9,6,5,5,3,3,1,2,1,1,0,1,0,0,0,0,0,0,0,6,,0.1073,0.5173,0.5378,0.5876,0.5563,0.6287,0.5235,0.5513,0.7209,0.4839,0.6000,0.6667,0.8333,1.0000,0.6000,1.0000,0.3333,2.0000,0.5000,1.0000,0.0000,0.0000,0.0000,0.0000,0.0000,0.0000,0.0000,0.0000,0.0000,,60.9769,6.5445,3.3852,1.8207,1.0698,0.5952,0.3742,0.1959,0.1080,0.0779,0.0377,0.0226,0.0151,0.0126,0.0126,0.0075,0.0075,0.0025,0.0050,0.0025,0.0025,0.0000,0.0025,0.0000,0.0000,0.0000,0.0000,0.0000,0.0000,0.0000,0.0151
medium,git.Nim.tdag,64984,,11008,16.9396,,46006,3824,1737,952,560,357,208,139,65,37,24,21,10,5,10,5,5,3,1,0,0,1,1,0,1,1,0,0,0,1,2,,0.0831,0.4542,0.5481,0.5882,0.6375,0.5826,0.6683,0.4676,0.5692,0.6486,0.8750,0.4762,0.5000,2.0000,0.5000,1.0000,0.6000,0.3333,0.0000,0.0000,0.0000,1.0000,0.0000,0.0000,1.0000,0.0000,0.0000,0.0000,0.0000,,70.7959,5.8845,2.6730,1.4650,0.8618,0.5494,0.3201,0.2139,0.1000,0.0569,0.0369,0.0323,0.0154,0.0077,0.0154,0.0077,0.0077,0.0046,0.0015,0.0000,0.0000,0.0015,0.0015,0.0000,0.0015,0.0015,0.0000,0.0000,0.0000,0.0015,0.0031
medium,git.opencv.tdag,84311,,7150,8.4805,,63296,7500,2566,1464,848,531,281,229,137,90,59,55,29,27,11,8,7,2,4,1,2,2,1,3,1,4,1,0,0,0,2,,0.1185,0.3421,0.5705,0.5792,0.6262,0.5292,0.8149,0.5983,0.6569,0.6556,0.9322,0.5273,0.9310,0.4074,0.7273,0.8750,0.2857,2.0000,0.2500,2.0000,1.0000,0.5000,3.0000,0.3333,4.0000,0.2500,0.0000,0.0000,0.0000,,75.0744,8.8956,3.0435,1.7364,1.0058,0.6298,0.3333,0.2716,0.1625,0.1067,0.0700,0.0652,0.0344,0.0320,0.0130,0.0095,0.0083,0.0024,0.0047,0.0012,0.0024,0.0024,0.0012,0.0036,0.0012,0.0047,0.0012,0.0000,0.0000,0.0000,0.0024
medium,git.opendal.tdag,16331,,3927,24.0463,,9513,1769,686,259,94,26,23,13,5,4,4,3,3,0,1,0,0,0,0,0,0,1,0,0,0,0,0,0,0,0,0,,0.1860,0.3878,0.3776,0.3629,0.2766,0.8846,0.5652,0.3846,0.8000,1.0000,0.7500,1.0000,0.0000,0.0000,0.0000,0.0000,0.0000,0.0000,0.0000,0.0000,0.0000,0.0000,0.0000,0.0000,0.0000,0.0000,0.0000,0.0000,0.0000,,58.2512,10.8322,4.2006,1.5859,0.5756,0.1592,0.1408,0.0796,0.0306,0.0245,0.0245,0.0184,0.0184,0.0000,0.0061,0.0000,0.0000,0.0000,0.0000,0.0000,0.0000,0.0061,0.0000,0.0000,0.0000,0.0000,0.0000,0.0000,0.0000,0.0000,0.0000
medium,git.openwhisk.tdag,12971,,3122,24.0691,,7976,789,465,260,164,101,34,28,15,6,2,3,1,2,0,0,0,2,0,1,0,0,0,0,0,0,0,0,0,0,0,,0.0989,0.5894,0.5591,0.6308,0.6159,0.3366,0.8235,0.5357,0.4000,0.3333,1.5000,0.3333,2.0000,0.0000,0.0000,0.0000,0.0000,0.0000,0.0000,0.0000,0.0000,0.0000,0.0000,0.0000,0.0000,0.0000,0.0000,0.0000,0.0000,,61.4910,6.0828,3.5849,2.0045,1.2644,0.7787,0.2621,0.2159,0.1156,0.0463,0.0154,0.0231,0.0077,0.0154,0.0000,0.0000,0.0000,0.0154,0.0000,0.0077,0.0000,0.0000,0.0000,0.0000,0.0000,0.0000,0.0000,0.0000,0.0000,0.0000,0.0000
medium,git.openwrt-packages.tdag,75794,,10186,13.4391,,53242,6375,2598,1338,782,420,265,165,123,74,62,41,35,16,10,15,10,8,4,5,1,3,2,5,2,0,0,0,1,0,6,,0.1197,0.4075,0.5150,0.5845,0.5371,0.6310,0.6226,0.7455,0.6016,0.8378,0.6613,0.8537,0.4571,0.6250,1.5000,0.6667,0.8000,0.5000,1.2500,0.2000,3.0000,0.6667,2.5000,0.4000,0.0000,0.0000,0.0000,0.0000,0.0000,,70.2457,8.4110,3.4277,1.7653,1.0317,0.5541,0.3496,0.2177,0.1623,0.0976,0.0818,0.0541,0.0462,0.0211,0.0132,0.0198,0.0132,0.0106,0.0053,0.0066,0.0013,0.0040,0.0026,0.0066,0.0026,0.0000,0.0000,0.0000,0.0013,0.0000,0.0079
medium,git.paimon.tdag,17916,,4251,23.7274,,11528,970,530,285,168,89,40,27,9,9,4,1,3,0,0,1,0,0,1,0,0,0,0,0,0,0,0,0,0,0,0,,0.0841,0.5464,0.5377,0.5895,0.5298,0.4494,0.6750,0.3333,1.0000,0.4444,0.2500,3.0000,0.0000,0.0000,0.0000,0.0000,0.0000,0.0000,0.0000,0.0000,0.0000,0.0000,0.0000,0.0000,0.0000,0.0000,0.0000,0.0000,0.0000,,64.3447,5.4142,2.9582,1.5908,0.9377,0.4968,0.2233,0.1507,0.0502,0.0502,0.0223,0.0056,0.0167,0.0000,0.0000,0.0056,0.0000,0.0000,0.0056,0.0000,0.0000,0.0000,0.0000,0.0000,0.0000,0.0000,0.0000,0.0000,0.0000,0.0000,0.0000
medium,git.postgres.tdag,98547,,225,0.2283,,97965,318,33,3,1,0,0,0,2,0,0,0,0,0,0,0,0,0,0,0,0,0,0,0,0,0,0,0,0,0,0,,0.0032,0.1038,0.0909,0.3333,0.0000,0.0000,0.0000,0.0000,0.0000,0.0000,0.0000,0.0000,0.0000,0.0000,0.0000,0.0000,0.0000,0.0000,0.0000,0.0000,0.0000,0.0000,0.0000,0.0000,0.0000,0.0000,0.0000,0.0000,0.0000,,99.4094,0.3227,0.0335,0.0030,0.0010,0.0000,0.0000,0.0000,0.0020,0.0000,0.0000,0.0000,0.0000,0.0000,0.0000,0.0000,0.0000,0.0000,0.0000,0.0000,0.0000,0.0000,0.0000,0.0000,0.0000,0.0000,0.0000,0.0000,0.0000,0.0000,0.0000
medium,git.PowerShell.tdag,49829,,8589,17.2370,,36611,2091,993,547,356,216,141,91,55,44,33,15,13,8,4,4,2,5,1,4,0,1,1,1,0,0,0,0,0,0,3,,0.0571,0.4749,0.5509,0.6508,0.6067,0.6528,0.6454,0.6044,0.8000,0.7500,0.4545,0.8667,0.6154,0.5000,1.0000,0.5000,2.5000,0.2000,4.0000,0.0000,0.0000,1.0000,1.0000,0.0000,0.0000,0.0000,0.0000,0.0000,0.0000,,73.4733,4.1964,1.9928,1.0978,0.7144,0.4335,0.2830,0.1826,0.1104,0.0883,0.0662,0.0301,0.0261,0.0161,0.0080,0.0080,0.0040,0.0100,0.0020,0.0080,0.0000,0.0020,0.0020,0.0020,0.0000,0.0000,0.0000,0.0000,0.0000,0.0000,0.0060
medium,git.PowerToys.tdag,39274,,5891,14.9997,,29350,2066,798,432,254,161,104,75,45,30,19,11,14,5,2,8,3,1,0,1,2,0,0,0,0,0,0,0,0,1,1,,0.0704,0.3863,0.5414,0.5880,0.6339,0.6460,0.7212,0.6000,0.6667,0.6333,0.5789,1.2727,0.3571,0.4000,4.0000,0.3750,0.3333,0.0000,0.0000,2.0000,0.0000,0.0000,0.0000,0.0000,0.0000,0.0000,0.0000,0.0000,0.0000,,74.7314,5.2605,2.0319,1.1000,0.6467,0.4099,0.2648,0.1910,0.1146,0.0764,0.0484,0.0280,0.0356,0.0127,0.0051,0.0204,0.0076,0.0025,0.0000,0.0025,0.0051,0.0000,0.0000,0.0000,0.0000,0.0000,0.0000,0.0000,0.0000,0.0025,0.0025
medium,git.pulsar.tdag,84251,,16095,19.1036,,59967,3538,1617,1082,686,442,260,178,118,101,44,31,31,12,15,9,6,5,3,1,0,0,3,1,2,0,0,0,0,0,4,,0.0590,0.4570,0.6691,0.6340,0.6443,0.5882,0.6846,0.6629,0.8559,0.4356,0.7045,1.0000,0.3871,1.2500,0.6000,0.6667,0.8333,0.6000,0.3333,0.0000,0.0000,0.0000,0.3333,2.0000,0.0000,0.0000,0.0000,0.0000,0.0000,,71.1766,4.1994,1.9193,1.2843,0.8142,0.5246,0.3086,0.2113,0.1401,0.1199,0.0522,0.0368,0.0368,0.0142,0.0178,0.0107,0.0071,0.0059,0.0036,0.0012,0.0000,0.0000,0.0036,0.0012,0.0024,0.0000,0.0000,0.0000,0.0000,0.0000,0.0047
medium,git.react.tdag,70406,,14696,20.8732,,45294,5302,2170,1144,650,399,265,159,102,66,52,29,18,11,9,4,6,4,3,3,1,1,2,2,0,2,0,2,0,2,8,,0.1171,0.4093,0.5272,0.5682,0.6138,0.6642,0.6000,0.6415,0.6471,0.7879,0.5577,0.6207,0.6111,0.8182,0.4444,1.5000,0.6667,0.7500,1.0000,0.3333,1.0000,2.0000,1.0000,0.0000,0.0000,0.0000,0.0000,0.0000,0.0000,,64.3326,7.5306,3.0821,1.6249,0.9232,0.5667,0.3764,0.2258,0.1449,0.0937,0.0739,0.0412,0.0256,0.0156,0.0128,0.0057,0.0085,0.0057,0.0043,0.0043,0.0014,0.0014,0.0028,0.0028,0.0000,0.0028,0.0000,0.0028,0.0000,0.0028,0.0114
medium,git.rocketmq.tdag,23168,,3780,16.3156,,16563,1565,488,290,166,87,64,51,19,22,14,7,9,8,2,8,3,2,1,0,5,0,0,1,0,2,0,2,1,0,8,,0.0945,0.3118,0.5943,0.5724,0.5241,0.7356,0.7969,0.3725,1.1579,0.6364,0.5000,1.2857,0.8889,0.2500,4.0000,0.3750,0.6667,0.5000,0.0000,0.0000,0.0000,0.0000,0.0000,0.0000,0.0000,0.0000,0.0000,0.5000,0.0000,,71.4908,6.7550,2.1064,1.2517,0.7165,0.3755,0.2762,0.2201,0.0820,0.0950,0.0604,0.0302,0.0388,0.0345,0.0086,0.0345,0.0129,0.0086,0.0043,0.0000,0.0216,0.0000,0.0000,0.0043,0.0000,0.0086,0.0000,0.0086,0.0043,0.0000,0.0345
medium,git.seatunnel.tdag,30112,,4649,15.4390,,22157,1563,538,347,265,183,123,93,66,34,21,23,15,11,8,6,3,0,1,2,1,0,1,0,1,0,0,0,0,0,1,,0.0705,0.3442,0.6450,0.7637,0.6906,0.6721,0.7561,0.7097,0.5152,0.6176,1.0952,0.6522,0.7333,0.7273,0.7500,0.5000,0.0000,0.0000,2.0000,0.5000,0.0000,0.0000,0.0000,0.0000,0.0000,0.0000,0.0000,0.0000,0.0000,,73.5820,5.1906,1.7867,1.1524,0.8800,0.6077,0.4085,0.3088,0.2192,0.1129,0.0697,0.0764,0.0498,0.0365,0.0266,0.0199,0.0100,0.0000,0.0033,0.0066,0.0033,0.0000,0.0033,0.0000,0.0033,0.0000,0.0000,0.0000,0.0000,0.0000,0.0033
medium,git.shenyu.tdag,22762,,3297,14.4847,,16280,1376,535,372,265,200,114,82,59,41,48,27,18,15,12,7,6,5,1,2,0,0,0,0,0,0,0,0,0,0,0,,0.0845,0.3888,0.6953,0.7124,0.7547,0.5700,0.7193,0.7195,0.6949,1.1707,0.5625,0.6667,0.8333,0.8000,0.5833,0.8571,0.8333,0.2000,2.0000,0.0000,0.0000,0.0000,0.0000,0.0000,0.0000,0.0000,0.0000,0.0000,0.0000,,71.5227,6.0452,2.3504,1.6343,1.1642,0.8787,0.5008,0.3602,0.2592,0.1801,0.2109,0.1186,0.0791,0.0659,0.0527,0.0308,0.0264,0.0220,0.0044,0.0088,0.0000,0.0000,0.0000,0.0000,0.0000,0.0000,0.0000,0.0000,0.0000,0.0000,0.0000
medium,git.skywalking.tdag,34317,,4813,14.0251,,22971,3540,1451,753,389,191,109,52,23,10,7,4,2,0,1,0,1,0,0,0,0,0,0,0,0,0,0,0,0,0,0,,0.1541,0.4099,0.5190,0.5166,0.4910,0.5707,0.4771,0.4423,0.4348,0.7000,0.5714,0.5000,0.0000,0.0000,0.0000,0.0000,0.0000,0.0000,0.0000,0.0000,0.0000,0.0000,0.0000,0.0000,0.0000,0.0000,0.0000,0.0000,0.0000,,66.9377,10.3156,4.2282,2.1942,1.1335,0.5566,0.3176,0.1515,0.0670,0.0291,0.0204,0.0117,0.0058,0.0000,0.0029,0.0000,0.0029,0.0000,0.0000,0.0000,0.0000,0.0000,0.0000,0.0000,0.0000,0.0000,0.0000,0.0000,0.0000,0.0000,0.0000
medium,git.spring-boot.tdag,71890,,7160,9.9597,,43556,16001,3750,862,281,125,72,28,18,16,8,3,3,1,0,2,1,0,0,0,0,0,0,0,0,1,0,0,1,0,1,,0.3674,0.2344,0.2299,0.3260,0.4448,0.5760,0.3889,0.6429,0.8889,0.5000,0.3750,1.0000,0.3333,0.0000,0.0000,0.5000,0.0000,0.0000,0.0000,0.0000,0.0000,0.0000,0.0000,0.0000,0.0000,0.0000,0.0000,0.0000,0.0000,,60.5870,22.2576,5.2163,1.1991,0.3909,0.1739,0.1002,0.0389,0.0250,0.0223,0.0111,0.0042,0.0042,0.0014,0.0000,0.0028,0.0014,0.0000,0.0000,0.0000,0.0000,0.0000,0.0000,0.0000,0.0000,0.0014,0.0000,0.0000,0.0014,0.0000,0.0014
medium,git.spring-framework.tdag,53177,,5208,9.7937,,40961,5156,1139,393,156,74,36,17,13,5,5,0,2,1,0,2,1,3,1,0,0,0,0,0,0,0,0,1,0,1,2,,0.1259,0.2209,0.3450,0.3969,0.4744,0.4865,0.4722,0.7647,0.3846,1.0000,0.0000,0.0000,0.5000,0.0000,0.0000,0.5000,3.0000,0.3333,0.0000,0.0000,0.0000,0.0000,0.0000,0.0000,0.0000,0.0000,0.0000,0.0000,0.0000,,77.0277,9.6959,2.1419,0.7390,0.2934,0.1392,0.0677,0.0320,0.0244,0.0094,0.0094,0.0000,0.0038,0.0019,0.0000,0.0038,0.0019,0.0056,0.0019,0.0000,0.0000,0.0000,0.0000,0.0000,0.0000,0.0000,0.0000,0.0019,0.0000,0.0019,0.0038
medium,git.storm.tdag,19173,,1421,7.4115,,15022,1513,504,261,173,90,59,33,26,27,8,12,6,2,3,1,1,5,1,2,2,1,0,0,0,0,0,0,0,0,0,,0.1007,0.3331,0.5179,0.6628,0.5202,0.6556,0.5593,0.7879,1.0385,0.2963,1.5000,0.5000,0.3333,1.5000,0.3333,1.0000,5.0000,0.2000,2.0000,1.0000,0.5000,0.0000,0.0000,0.0000,0.0000,0.0000,0.0000,0.0000,0.0000,,78.3498,7.8913,2.6287,1.3613,0.9023,0.4694,0.3077,0.1721,0.1356,0.1408,0.0417,0.0626,0.0313,0.0104,0.0156,0.0052,0.0052,0.0261,0.0052,0.0104,0.0104,0.0052,0.0000,0.0000,0.0000,0.0000,0.0000,0.0000,0.0000,0.0000,0.0000
medium,git.streampark.tdag,16332,,1951,11.9459,,12467,1208,382,188,85,32,9,9,1,0,0,0,0,0,0,0,0,0,0,0,0,0,0,0,0,0,0,0,0,0,0,,0.0969,0.3162,0.4921,0.4521,0.3765,0.2813,1.0000,0.1111,0.0000,0.0000,0.0000,0.0000,0.0000,0.0000,0.0000,0.0000,0.0000,0.0000,0.0000,0.0000,0.0000,0.0000,0.0000,0.0000,0.0000,0.0000,0.0000,0.0000,0.0000,,76.3348,7.3965,2.3390,1.1511,0.5205,0.1959,0.0551,0.0551,0.0061,0.0000,0.0000,0.0000,0.0000,0.0000,0.0000,0.0000,0.0000,0.0000,0.0000,0.0000,0.0000,0.0000,0.0000,0.0000,0.0000,0.0000,0.0000,0.0000,0.0000,0.0000,0.0000
medium,git.terminal.tdag,31602,,4926,15.5876,,23322,1660,598,340,247,182,87,73,57,30,34,16,13,6,2,0,5,0,1,1,1,0,1,0,0,0,0,0,0,0,0,,0.0712,0.3602,0.5686,0.7265,0.7368,0.4780,0.8391,0.7808,0.5263,1.1333,0.4706,0.8125,0.4615,0.3333,0.0000,0.0000,0.0000,0.0000,1.0000,1.0000,0.0000,0.0000,0.0000,0.0000,0.0000,0.0000,0.0000,0.0000,0.0000,,73.7991,5.2528,1.8923,1.0759,0.7816,0.5759,0.2753,0.2310,0.1804,0.0949,0.1076,0.0506,0.0411,0.0190,0.0063,0.0000,0.0158,0.0000,0.0032,0.0032,0.0032,0.0000,0.0032,0.0000,0.0000,0.0000,0.0000,0.0000,0.0000,0.0000,0.0000
medium,git.terraform.tdag,90035,,8103,8.9998,,69987,6769,2516,1230,625,337,188,93,65,40,26,14,17,4,12,1,2,2,0,0,0,0,0,0,0,0,0,1,0,0,3,,0.0967,0.3717,0.4889,0.5081,0.5392,0.5579,0.4947,0.6989,0.6154,0.6500,0.5385,1.2143,0.2353,3.0000,0.0833,2.0000,1.0000,0.0000,0.0000,0.0000,0.0000,0.0000,0.0000,0.0000,0.0000,0.0000,0.0000,0.0000,0.0000,,77.7331,7.5182,2.7945,1.3661,0.6942,0.3743,0.2088,0.1033,0.0722,0.0444,0.0289,0.0155,0.0189,0.0044,0.0133,0.0011,0.0022,0.0022,0.0000,0.0000,0.0000,0.0000,0.0000,0.0000,0.0000,0.0000,0.0000,0.0011,0.0000,0.0000,0.0033
medium,git.tvm.tdag,76614,,14184,18.5136,,55096,3361,1653,949,569,315,183,123,72,43,26,15,12,2,3,2,1,0,2,2,1,0,0,0,0,0,0,0,0,0,0,,0.0610,0.4918,0.5741,0.5996,0.5536,0.5810,0.6721,0.5854,0.5972,0.6047,0.5769,0.8000,0.1667,1.5000,0.6667,0.5000,0.0000,0.0000,1.0000,0.5000,0.0000,0.0000,0.0000,0.0000,0.0000,0.0000,0.0000,0.0000,0.0000,,71.9137,4.3869,2.1576,1.2387,0.7427,0.4112,0.2389,0.1605,0.0940,0.0561,0.0339,0.0196,0.0157,0.0026,0.0039,0.0026,0.0013,0.0000,0.0026,0.0026,0.0013,0.0000,0.0000,0.0000,0.0000,0.0000,0.0000,0.0000,0.0000,0.0000,0.0000
medium,git.TypeScript.tdag,83155,,13395,16.1085,,58687,4878,2450,1421,859,579,307,216,92,90,52,33,29,17,7,5,7,7,3,1,3,3,0,1,0,1,1,0,0,0,11,,0.0831,0.5023,0.5800,0.6045,0.6740,0.5302,0.7036,0.4259,0.9783,0.5778,0.6346,0.8788,0.5862,0.4118,0.7143,1.4000,1.0000,0.4286,0.3333,3.0000,1.0000,0.0000,0.0000,0.0000,0.0000,1.0000,0.0000,0.0000,0.0000,,70.5754,5.8662,2.9463,1.7089,1.0330,0.6963,0.3692,0.2598,0.1106,0.1082,0.0625,0.0397,0.0349,0.0204,0.0084,0.0060,0.0084,0.0084,0.0036,0.0012,0.0036,0.0036,0.0000,0.0012,0.0000,0.0012,0.0012,0.0000,0.0000,0.0000,0.0132
medium,git.vuejs-core.tdag,21524,,5268,24.4750,,14250,854,332,207,131,94,74,56,46,31,24,11,19,17,13,15,12,12,4,2,6,7,6,2,5,2,0,2,2,2,18,,0.0599,0.3888,0.6235,0.6329,0.7176,0.7872,0.7568,0.8214,0.6739,0.7742,0.4583,1.7273,0.8947,0.7647,1.1538,0.8000,1.0000,0.3333,0.5000,3.0000,1.1667,0.8571,0.3333,2.5000,0.4000,0.0000,0.0000,1.0000,1.0000,,66.2052,3.9677,1.5425,0.9617,0.6086,0.4367,0.3438,0.2602,0.2137,0.1440,0.1115,0.0511,0.0883,0.0790,0.0604,0.0697,0.0558,0.0558,0.0186,0.0093,0.0279,0.0325,0.0279,0.0093,0.0232,0.0093,0.0000,0.0093,0.0093,0.0093,0.0836
medium,git.vuejs-vue.tdag,12839,,2520,19.6277,,9199,573,205,98,75,38,28,24,12,7,8,10,9,3,1,1,4,2,1,2,1,1,1,0,3,3,0,0,1,0,9,,0.0623,0.3578,0.4780,0.7653,0.5067,0.7368,0.8571,0.5000,0.5833,1.1429,1.2500,0.9000,0.3333,0.3333,1.0000,4.0000,0.5000,0.5000,2.0000,0.5000,1.0000,1.0000,0.0000,0.0000,1.0000,0.0000,0.0000,0.0000,0.0000,,71.6489,4.4630,1.5967,0.7633,0.5842,0.2960,0.2181,0.1869,0.0935,0.0545,0.0623,0.0779,0.0701,0.0234,0.0078,0.0078,0.0312,0.0156,0.0078,0.0156,0.0078,0.0078,0.0078,0.0000,0.0234,0.0234,0.0000,0.0000,0.0078,0.0000,0.0701
medium,git.zookeeper.tdag,13567,,2263,16.6802,,9866,809,270,135,79,49,32,18,15,6,6,7,3,3,0,0,0,0,2,1,0,0,0,0,0,1,0,0,0,0,2,,0.0820,0.3337,0.5000,0.5852,0.6203,0.6531,0.5625,0.8333,0.4000,1.0000,1.1667,0.4286,1.0000,0.0000,0.0000,0.0000,0.0000,0.0000,0.5000,0.0000,0.0000,0.0000,0.0000,0.0000,0.0000,0.0000,0.0000,0.0000,0.0000,,72.7206,5.9630,1.9901,0.9951,0.5823,0.3612,0.2359,0.1327,0.1106,0.0442,0.0442,0.0516,0.0221,0.0221,0.0000,0.0000,0.0000,0.0000,0.0147,0.0074,0.0000,0.0000,0.0000,0.0000,0.0000,0.0074,0.0000,0.0000,0.0000,0.0000,0.0147
large,git.airflow.tdag,155598,,33418,21.4771,,103805,7678,3991,2430,1582,965,613,443,240,148,91,70,38,32,14,7,5,4,2,2,4,2,2,2,1,0,0,0,1,1,7,,0.0740,0.5198,0.6089,0.6510,0.6100,0.6352,0.7227,0.5418,0.6167,0.6149,0.7692,0.5429,0.8421,0.4375,0.5000,0.7143,0.8000,0.5000,1.0000,2.0000,0.5000,1.0000,1.0000,0.5000,0.0000,0.0000,0.0000,0.0000,1.0000,,66.7136,4.9345,2.5649,1.5617,1.0167,0.6202,0.3940,0.2847,0.1542,0.0951,0.0585,0.0450,0.0244,0.0206,0.0090,0.0045,0.0032,0.0026,0.0013,0.0013,0.0026,0.0013,0.0013,0.0013,0.0006,0.0000,0.0000,0.0000,0.0006,0.0006,0.0045
large,git.angular.tdag,146085,,29847,20.4313,,104157,5715,2126,1127,746,511,390,307,246,206,145,112,82,66,60,44,33,29,35,23,10,11,5,4,10,6,3,1,2,5,21,,0.0549,0.3720,0.5301,0.6619,0.6850,0.7632,0.7872,0.8013,0.8374,0.7039,0.7724,0.7321,0.8049,0.9091,0.7333,0.7500,0.8788,1.2069,0.6571,0.4348,1.1000,0.4545,0.8000,2.5000,0.6000,0.5000,0.3333,2.0000,2.5000,,71.2989,3.9121,1.4553,0.7715,0.5107,0.3498,0.2670,0.2102,0.1684,0.1410,0.0993,0.0767,0.0561,0.0452,0.0411,0.0301,0.0226,0.0199,0.0240,0.0157,0.0068,0.0075,0.0034,0.0027,0.0068,0.0041,0.0021,0.0007,0.0014,0.0034,0.0144
large,git.ansible.tdag,246990,,48547,19.6555,,170763,14175,5532,2951,1712,1035,707,459,319,228,151,96,62,47,38,22,29,20,11,7,11,5,4,4,5,1,3,3,3,3,37,,0.0830,0.3903,0.5334,0.5801,0.6046,0.6831,0.6492,0.6950,0.7147,0.6623,0.6358,0.6458,0.7581,0.8085,0.5789,1.3182,0.6897,0.5500,0.6364,1.5714,0.4545,0.8000,1.0000,1.2500,0.2000,3.0000,1.0000,1.0000,1.0000,,69.1376,5.7391,2.2398,1.1948,0.6931,0.4190,0.2862,0.1858,0.1292,0.0923,0.0611,0.0389,0.0251,0.0190,0.0154,0.0089,0.0117,0.0081,0.0045,0.0028,0.0045,0.0020,0.0016,0.0016,0.0020,0.0004,0.0012,0.0012,0.0012,0.0012,0.0150
large,git.arrow.tdag,117100,,19552,16.6968,,87226,4630,2323,1362,800,476,284,167,106,56,38,25,20,6,7,6,2,3,1,0,2,0,0,0,0,0,1,0,0,0,7,,0.0531,0.5017,0.5863,0.5874,0.5950,0.5966,0.5880,0.6347,0.5283,0.6786,0.6579,0.8000,0.3000,1.1667,0.8571,0.3333,1.5000,0.3333,0.0000,0.0000,0.0000,0.0000,0.0000,0.0000,0.0000,0.0000,0.0000,0.0000,0.0000,,74.4885,3.9539,1.9838,1.1631,0.6832,0.4065,0.2425,0.1426,0.0905,0.0478,0.0325,0.0213,0.0171,0.0051,0.0060,0.0051,0.0017,0.0026,0.0009,0.0000,0.0017,0.0000,0.0000,0.0000,0.0000,0.0000,0.0009,0.0000,0.0000,0.0000,0.0060
large,git.aspnetcore.tdag,120235,,18920,15.7359,,85950,9388,2811,1442,768,409,212,134,81,39,29,14,13,7,3,5,2,0,1,3,1,0,0,1,1,0,0,0,0,0,1,,0.1092,0.2994,0.5130,0.5326,0.5326,0.5183,0.6321,0.6045,0.4815,0.7436,0.4828,0.9286,0.5385,0.4286,1.6667,0.4000,0.0000,0.0000,3.0000,0.3333,0.0000,0.0000,0.0000,1.0000,0.0000,0.0000,0.0000,0.0000,0.0000,,71.4850,7.8080,2.3379,1.1993,0.6387,0.3402,0.1763,0.1114,0.0674,0.0324,0.0241,0.0116,0.0108,0.0058,0.0025,0.0042,0.0017,0.0000,0.0008,0.0025,0.0008,0.0000,0.0000,0.0008,0.0008,0.0000,0.0000,0.0000,0.0000,0.0000,0.0008
large,git.beam.tdag,198905,,17897,8.9978,,159682,10986,4414,2423,1339,789,474,300,211,112,76,56,33,34,18,15,7,8,4,6,4,4,3,1,1,2,0,1,0,2,3,,0.0688,0.4018,0.5489,0.5526,0.5892,0.6008,0.6329,0.7033,0.5308,0.6786,0.7368,0.5893,1.0303,0.5294,0.8333,0.4667,1.1429,0.5000,1.5000,0.6667,1.0000,0.7500,0.3333,1.0000,2.0000,0.0000,0.0000,0.0000,0.0000,,80.2805,5.5232,2.2191,1.2182,0.6732,0.3967,0.2383,0.1508,0.1061,0.0563,0.0382,0.0282,0.0166,0.0171,0.0090,0.0075,0.0035,0.0040,0.0020,0.0030,0.0020,0.0020,0.0015,0.0005,0.0005,0.0010,0.0000,0.0005,0.0000,0.0010,0.0015
large,git.bitcoin.tdag,175184,,8961,5.1152,,144085,12381,4075,2188,1258,787,454,312,216,150,90,61,42,31,17,16,12,8,8,5,5,2,5,0,2,0,3,0,0,2,8,,0.0859,0.3291,0.5369,0.5750,0.6256,0.5769,0.6872,0.6923,0.6944,0.6000,0.6778,0.6885,0.7381,0.5484,0.9412,0.7500,0.6667,1.0000,0.6250,1.0000,0.4000,2.5000,0.0000,0.0000,0.0000,0.0000,0.0000,0.0000,0.0000,,82.2478,7.0674,2.3261,1.2490,0.7181,0.4492,0.2592,0.1781,0.1233,0.0856,0.0514,0.0348,0.0240,0.0177,0.0097,0.0091,0.0068,0.0046,0.0046,0.0029,0.0029,0.0011,0.0029,0.0000,0.0011,0.0000,0.0017,0.0000,0.0000,0.0011,0.0046
large,git.camel.tdag,156099,,17095,10.9514,,125890,9485,2212,666,261,138,93,66,62,34,30,22,11,14,3,8,2,1,0,2,0,0,1,0,0,0,0,0,0,1,2,,0.0753,0.2332,0.3011,0.3919,0.5287,0.6739,0.7097,0.9394,0.5484,0.8824,0.7333,0.5000,1.2727,0.2143,2.6667,0.2500,0.5000,0.0000,0.0000,0.0000,0.0000,0.0000,0.0000,0.0000,0.0000,0.0000,0.0000,0.0000,0.0000,,80.6475,6.0763,1.4170,0.4267,0.1672,0.0884,0.0596,0.0423,0.0397,0.0218,0.0192,0.0141,0.0070,0.0090,0.0019,0.0051,0.0013,0.0006,0.0000,0.0013,0.0000,0.0000,0.0006,0.0000,0.0000,0.0000,0.0000,0.0000,0.0000,0.0006,0.0013
large,git.cpython.tdag,529659,,61159,11.5469,,396558,53187,9164,3843,2077,1283,786,508,358,227,136,100,77,54,42,18,15,16,11,8,2,4,7,1,4,1,1,1,0,1,10,,0.1341,0.1723,0.4194,0.5405,0.6177,0.6126,0.6463,0.7047,0.6341,0.5991,0.7353,0.7700,0.7013,0.7778,0.4286,0.8333,1.0667,0.6875,0.7273,0.2500,2.0000,1.7500,0.1429,4.0000,0.2500,1.0000,1.0000,0.0000,0.0000,,74.8704,10.0417,1.7302,0.7256,0.3921,0.2422,0.1484,0.0959,0.0676,0.0429,0.0257,0.0189,0.0145,0.0102,0.0079,0.0034,0.0028,0.0030,0.0021,0.0015,0.0004,0.0008,0.0013,0.0002,0.0008,0.0002,0.0002,0.0002,0.0000,0.0002,0.0019
large,git.doris.tdag,164537,,41260,25.0764,,104744,8100,3900,2281,1416,954,585,439,269,180,116,64,68,42,25,26,20,17,10,4,1,2,2,3,1,0,1,0,1,0,6,,0.0773,0.4815,0.5849,0.6208,0.6737,0.6132,0.7504,0.6128,0.6691,0.6444,0.5517,1.0625,0.6176,0.5952,1.0400,0.7692,0.8500,0.5882,0.4000,0.2500,2.0000,1.0000,1.5000,0.3333,0.0000,0.0000,0.0000,0.0000,0.0000,,63.6598,4.9229,2.3703,1.3863,0.8606,0.5798,0.3555,0.2668,0.1635,0.1094,0.0705,0.0389,0.0413,0.0255,0.0152,0.0158,0.0122,0.0103,0.0061,0.0024,0.0006,0.0012,0.0012,0.0018,0.0006,0.0000,0.0006,0.0000,0.0006,0.0000,0.0036
large,git.electron.tdag,102066,,22149,21.7007,,65548,7352,3373,1742,896,435,240,126,70,48,40,21,6,4,5,3,1,0,1,0,1,0,1,2,0,0,0,0,1,0,1,,0.1122,0.4588,0.5165,0.5144,0.4855,0.5517,0.5250,0.5556,0.6857,0.8333,0.5250,0.2857,0.6667,1.2500,0.6000,0.3333,0.0000,0.0000,0.0000,0.0000,0.0000,0.0000,2.0000,0.0000,0.0000,0.0000,0.0000,0.0000,0.0000,,64.2212,7.2032,3.3047,1.7067,0.8779,0.4262,0.2351,0.1234,0.0686,0.0470,0.0392,0.0206,0.0059,0.0039,0.0049,0.0029,0.0010,0.0000,0.0010,0.0000,0.0010,0.0000,0.0010,0.0020,0.0000,0.0000,0.0000,0.0000,0.0010,0.0000,0.0010
large,git.fdroiddata.tdag,121925,,28,0.0230,,115721,4973,897,197,55,20,11,7,3,3,0,3,1,1,1,0,0,0,0,0,0,0,1,0,0,0,0,1,0,0,2,,0.0430,0.1804,0.2196,0.2792,0.3636,0.5500,0.6364,0.4286,1.0000,0.0000,0.0000,0.3333,1.0000,1.0000,0.0000,0.0000,0.0000,0.0000,0.0000,0.0000,0.0000,0.0000,0.0000,0.0000,0.0000,0.0000,0.0000,0.0000,0.0000,,94.9116,4.0787,0.7357,0.1616,0.0451,0.0164,0.0090,0.0057,0.0025,0.0025,0.0000,0.0025,0.0008,0.0008,0.0008,0.0000,0.0000,0.0000,0.0000,0.0000,0.0000,0.0000,0.0008,0.0000,0.0000,0.0000,0.0000,0.0008,0.0000,0.0000,0.0016
large,git.flink.tdag,126157,,25925,20.5498,,85983,6795,3155,1690,961,600,345,221,164,83,58,45,31,26,18,16,11,3,2,3,4,0,2,2,0,1,2,1,2,2,6,,0.0790,0.4643,0.5357,0.5686,0.6243,0.5750,0.6406,0.7421,0.5061,0.6988,0.7759,0.6889,0.8387,0.6923,0.8889,0.6875,0.2727,0.6667,1.5000,1.3333,0.0000,0.0000,1.0000,0.0000,0.0000,2.0000,0.5000,2.0000,1.0000,,68.1556,5.3861,2.5009,1.3396,0.7617,0.4756,0.2735,0.1752,0.1300,0.0658,0.0460,0.0357,0.0246,0.0206,0.0143,0.0127,0.0087,0.0024,0.0016,0.0024,0.0032,0.0000,0.0016,0.0016,0.0000,0.0008,0.0016,0.0008,0.0016,0.0016,0.0048
large,git.flutter.tdag,371602,,59444,15.9967,,281772,13678,6542,3658,2178,1368,848,578,365,303,200,136,103,83,58,52,38,34,25,20,21,15,16,11,10,6,4,6,4,3,23,,0.0485,0.4783,0.5592,0.5954,0.6281,0.6199,0.6816,0.6315,0.8301,0.6601,0.6800,0.7574,0.8058,0.6988,0.8966,0.7308,0.8947,0.7353,0.8000,1.0500,0.7143,1.0667,0.6875,0.9091,0.6000,0.6667,1.5000,0.6667,0.7500,,75.8263,3.6808,1.7605,0.9844,0.5861,0.3681,0.2282,0.1555,0.0982,0.0815,0.0538,0.0366,0.0277,0.0223,0.0156,0.0140,0.0102,0.0091,0.0067,0.0054,0.0057,0.0040,0.0043,0.0030,0.0027,0.0016,0.0011,0.0016,0.0011,0.0008,0.0062
large,git.git.tdag,187388,,1867,0.9963,,161649,16150,4471,1460,533,222,127,81,108,86,48,36,33,28,30,9,15,12,18,22,16,13,11,4,9,16,14,8,3,4,285,,0.0999,0.2768,0.3265,0.3651,0.4165,0.5721,0.6378,1.3333,0.7963,0.5581,0.7500,0.9167,0.8485,1.0714,0.3000,1.6667,0.8000,1.5000,1.2222,0.7273,0.8125,0.8462,0.3636,2.2500,1.7778,0.8750,0.5714,0.3750,1.3333,,86.2643,8.6185,2.3860,0.7791,0.2844,0.1185,0.0678,0.0432,0.0576,0.0459,0.0256,0.0192,0.0176,0.0149,0.0160,0.0048,0.0080,0.0064,0.0096,0.0117,0.0085,0.0069,0.0059,0.0021,0.0048,0.0085,0.0075,0.0043,0.0016,0.0021,0.1521
large,git.godot.tdag,143729,,11132,7.7451,,117145,6555,2887,1833,1135,726,502,343,276,182,145,110,86,93,57,63,38,38,27,33,27,17,17,26,27,21,16,12,9,9,142,,0.0560,0.4404,0.6349,0.6192,0.6396,0.6915,0.6833,0.8047,0.6594,0.7967,0.7586,0.7818,1.0814,0.6129,1.1053,0.6032,1.0000,0.7105,1.2222,0.8182,0.6296,1.0000,1.5294,1.0385,0.7778,0.7619,0.7500,0.7500,1.0000,,81.5041,4.5607,2.0086,1.2753,0.7897,0.5051,0.3493,0.2386,0.1920,0.1266,0.1009,0.0765,0.0598,0.0647,0.0397,0.0438,0.0264,0.0264,0.0188,0.0230,0.0188,0.0118,0.0118,0.0181,0.0188,0.0146,0.0111,0.0083,0.0063,0.0063,0.0988
large,git.go.tdag,137595,,4505,3.2741,,129149,2805,655,238,108,65,26,14,12,5,3,1,4,1,0,1,0,0,1,0,0,0,0,0,0,0,0,0,0,0,2,,0.0217,0.2335,0.3634,0.4538,0.6019,0.4000,0.5385,0.8571,0.4167,0.6000,0.3333,4.0000,0.2500,0.0000,0.0000,0.0000,0.0000,0.0000,0.0000,0.0000,0.0000,0.0000,0.0000,0.0000,0.0000,0.0000,0.0000,0.0000,0.0000,,93.8617,2.0386,0.4760,0.1730,0.0785,0.0472,0.0189,0.0102,0.0087,0.0036,0.0022,0.0007,0.0029,0.0007,0.0000,0.0007,0.0000,0.0000,0.0007,0.0000,0.0000,0.0000,0.0000,0.0000,0.0000,0.0000,0.0000,0.0000,0.0000,0.0000,0.0015
large,git.hadoop.tdag,110973,,7844,7.0684,,97408,3512,970,485,272,167,111,64,37,27,24,23,8,6,6,3,1,0,1,1,1,0,0,0,0,1,0,0,0,0,1,,0.0361,0.2762,0.5000,0.5608,0.6140,0.6647,0.5766,0.5781,0.7297,0.8889,0.9583,0.3478,0.7500,1.0000,0.5000,0.3333,0.0000,0.0000,1.0000,1.0000,0.0000,0.0000,0.0000,0.0000,0.0000,0.0000,0.0000,0.0000,0.0000,,87.7763,3.1647,0.8741,0.4370,0.2451,0.1505,0.1000,0.0577,0.0333,0.0243,0.0216,0.0207,0.0072,0.0054,0.0054,0.0027,0.0009,0.0000,0.0009,0.0009,0.0009,0.0000,0.0000,0.0000,0.0000,0.0009,0.0000,0.0000,0.0000,0.0000,0.0009
large,git.homebrew-cask.tdag,515457,,133212,25.8435,,325888,23389,10521,5910,3788,2475,1770,1381,1098,821,678,563,504,427,355,295,262,237,228,195,165,125,109,111,94,70,72,62,63,48,541,,0.0718,0.4498,0.5617,0.6409,0.6534,0.7152,0.7802,0.7951,0.7477,0.8258,0.8304,0.8952,0.8472,0.8314,0.8310,0.8881,0.9046,0.9620,0.8553,0.8462,0.7576,0.8720,1.0183,0.8468,0.7447,1.0286,0.8611,1.0161,0.7619,,63.2231,4.5375,2.0411,1.1466,0.7349,0.4802,0.3434,0.2679,0.2130,0.1593,0.1315,0.1092,0.0978,0.0828,0.0689,0.0572,0.0508,0.0460,0.0442,0.0378,0.0320,0.0243,0.0211,0.0215,0.0182,0.0136,0.0140,0.0120,0.0122,0.0093,0.1050
large,git.homebrew-core.tdag,1132291,,126172,11.1431,,942084,25668,11723,6660,4289,2881,2344,1813,1396,1149,929,807,634,546,473,346,365,256,258,218,169,157,120,110,94,83,59,55,48,48,337,,0.0272,0.4567,0.5681,0.6440,0.6717,0.8136,0.7735,0.7700,0.8231,0.8085,0.8687,0.7856,0.8612,0.8663,0.7315,1.0549,0.7014,1.0078,0.8450,0.7752,0.9290,0.7643,0.9167,0.8545,0.8830,0.7108,0.9322,0.8727,1.0000,,83.2016,2.2669,1.0353,0.5882,0.3788,0.2544,0.2070,0.1601,0.1233,0.1015,0.0820,0.0713,0.0560,0.0482,0.0418,0.0306,0.0322,0.0226,0.0228,0.0193,0.0149,0.0139,0.0106,0.0097,0.0083,0.0073,0.0052,0.0049,0.0042,0.0042,0.0298
large,git.ignite.tdag,143991,,11061,7.6817,,118227,7975,2615,1527,822,572,380,253,173,114,78,42,49,32,14,14,10,4,2,2,5,3,4,1,0,2,0,2,0,2,6,,0.0675,0.3279,0.5839,0.5383,0.6959,0.6643,0.6658,0.6838,0.6590,0.6842,0.5385,1.1667,0.6531,0.4375,1.0000,0.7143,0.4000,0.5000,1.0000,2.5000,0.6000,1.3333,0.2500,0.0000,0.0000,0.0000,0.0000,0.0000,0.0000,,82.1072,5.5385,1.8161,1.0605,0.5709,0.3972,0.2639,0.1757,0.1201,0.0792,0.0542,0.0292,0.0340,0.0222,0.0097,0.0097,0.0069,0.0028,0.0014,0.0014,0.0035,0.0021,0.0028,0.0007,0.0000,0.0014,0.0000,0.0014,0.0000,0.0014,0.0042
large,git.jdk.tdag,253743,,25169,9.9191,,199464,16931,5097,2447,1291,852,518,374,305,228,182,142,109,101,139,110,112,51,39,32,19,9,5,5,3,1,3,0,2,0,3,,0.0849,0.3010,0.4801,0.5276,0.6600,0.6080,0.7220,0.8155,0.7475,0.7982,0.7802,0.7676,0.9266,1.3762,0.7914,1.0182,0.4554,0.7647,0.8205,0.5938,0.4737,0.5556,1.0000,0.6000,0.3333,3.0000,0.0000,0.0000,0.0000,,78.6087,6.6725,2.0087,0.9644,0.5088,0.3358,0.2041,0.1474,0.1202,0.0899,0.0717,0.0560,0.0430,0.0398,0.0548,0.0434,0.0441,0.0201,0.0154,0.0126,0.0075,0.0035,0.0020,0.0020,0.0012,0.0004,0.0012,0.0000,0.0008,0.0000,0.0012
large,git.kafka.tdag,120197,,19662,16.3581,,87810,5495,2440,1524,1005,754,461,287,210,157,116,69,56,40,20,22,12,12,9,5,6,3,1,3,1,2,2,1,0,2,10,,0.0626,0.4440,0.6246,0.6594,0.7502,0.6114,0.6226,0.7317,0.7476,0.7389,0.5948,0.8116,0.7143,0.5000,1.1000,0.5455,1.0000,0.7500,0.5556,1.2000,0.5000,0.3333,3.0000,0.3333,2.0000,1.0000,0.5000,0.0000,0.0000,,73.0551,4.5717,2.0300,1.2679,0.8361,0.6273,0.3835,0.2388,0.1747,0.1306,0.0965,0.0574,0.0466,0.0333,0.0166,0.0183,0.0100,0.0100,0.0075,0.0042,0.0050,0.0025,0.0008,0.0025,0.0008,0.0017,0.0017,0.0008,0.0000,0.0017,0.0083
large,git.kotlin.tdag,225538,,10458,4.6369,,204388,7668,1970,633,233,94,39,18,8,8,6,2,1,0,2,2,0,4,0,1,0,0,0,1,1,0,1,0,0,0,0,,0.0375,0.2569,0.3213,0.3681,0.4034,0.4149,0.4615,0.4444,1.0000,0.7500,0.3333,0.5000,0.0000,0.0000,1.0000,0.0000,0.0000,0.0000,0.0000,0.0000,0.0000,0.0000,0.0000,1.0000,0.0000,0.0000,0.0000,0.0000,0.0000,,90.6224,3.3999,0.8735,0.2807,0.1033,0.0417,0.0173,0.0080,0.0035,0.0035,0.0027,0.0009,0.0004,0.0000,0.0009,0.0009,0.0000,0.0018,0.0000,0.0004,0.0000,0.0000,0.0000,0.0004,0.0004,0.0000,0.0004,0.0000,0.0000,0.0000,0.0000
large,git.kubernetes.tdag,264161,,28422,10.7593,,198260,14532,7771,4803,3228,2170,1377,944,700,442,366,233,193,127,89,79,58,65,48,38,26,22,25,23,17,17,7,11,9,9,50,,0.0733,0.5348,0.6181,0.6721,0.6722,0.6346,0.6855,0.7415,0.6314,0.8281,0.6366,0.8283,0.6580,0.7008,0.8876,0.7342,1.1207,0.7385,0.7917,0.6842,0.8462,1.1364,0.9200,0.7391,1.0000,0.4118,1.5714,0.8182,1.0000,,75.0527,5.5012,2.9418,1.8182,1.2220,0.8215,0.5213,0.3574,0.2650,0.1673,0.1386,0.0882,0.0731,0.0481,0.0337,0.0299,0.0220,0.0246,0.0182,0.0144,0.0098,0.0083,0.0095,0.0087,0.0064,0.0064,0.0026,0.0042,0.0034,0.0034,0.0189
large,git.llvm-project.tdag,1145746,,56376,4.9205,,789558,245575,28030,11238,5741,3167,1929,1173,800,483,285,262,283,185,161,99,71,46,125,64,29,17,11,7,9,3,3,1,2,1,12,,0.3110,0.1141,0.4009,0.5109,0.5516,0.6091,0.6081,0.6820,0.6038,0.5901,0.9193,1.0802,0.6537,0.8703,0.6149,0.7172,0.6479,2.7174,0.5120,0.4531,0.5862,0.6471,0.6364,1.2857,0.3333,1.0000,0.3333,2.0000,0.5000,,68.9121,21.4336,2.4464,0.9808,0.5011,0.2764,0.1684,0.1024,0.0698,0.0422,0.0249,0.0229,0.0247,0.0161,0.0141,0.0086,0.0062,0.0040,0.0109,0.0056,0.0025,0.0015,0.0010,0.0006,0.0008,0.0003,0.0003,0.0001,0.0002,0.0001,0.0010
large,git.node.tdag,217316,,33354,15.3482,,165653,8454,4016,2194,1292,791,559,317,216,120,100,62,38,19,26,14,7,14,7,4,4,2,2,4,4,1,3,2,2,1,34,,0.0510,0.4750,0.5463,0.5889,0.6122,0.7067,0.5671,0.6814,0.5556,0.8333,0.6200,0.6129,0.5000,1.3684,0.5385,0.5000,2.0000,0.5000,0.5714,1.0000,0.5000,1.0000,2.0000,1.0000,0.2500,3.0000,0.6667,1.0000,0.5000,,76.2268,3.8902,1.8480,1.0096,0.5945,0.3640,0.2572,0.1459,0.0994,0.0552,0.0460,0.0285,0.0175,0.0087,0.0120,0.0064,0.0032,0.0064,0.0032,0.0018,0.0018,0.0009,0.0009,0.0018,0.0018,0.0005,0.0014,0.0009,0.0009,0.0005,0.0156
large,git.pandas.tdag,196546,,31343,15.9469,,145135,8713,3202,1929,1333,966,753,641,472,376,339,244,207,169,147,102,79,80,54,46,51,27,20,17,13,21,10,6,7,6,38,,0.0600,0.3675,0.6024,0.6910,0.7247,0.7795,0.8513,0.7363,0.7966,0.9016,0.7198,0.8484,0.8164,0.8698,0.6939,0.7745,1.0127,0.6750,0.8519,1.1087,0.5294,0.7407,0.8500,0.7647,1.6154,0.4762,0.6000,1.1667,0.8571,,73.8428,4.4331,1.6291,0.9814,0.6782,0.4915,0.3831,0.3261,0.2401,0.1913,0.1725,0.1241,0.1053,0.0860,0.0748,0.0519,0.0402,0.0407,0.0275,0.0234,0.0259,0.0137,0.0102,0.0086,0.0066,0.0107,0.0051,0.0031,0.0036,0.0031,0.0193
large,git.pytorch.tdag,833027,,93001,11.1642,,538627,160952,17504,5696,4001,2967,2105,1666,1244,987,803,608,521,384,325,273,225,165,165,104,94,91,77,53,46,39,34,46,20,23,181,,0.2988,0.1088,0.3254,0.7024,0.7416,0.7095,0.7914,0.7467,0.7934,0.8136,0.7572,0.8569,0.7370,0.8464,0.8400,0.8242,0.7333,1.0000,0.6303,0.9038,0.9681,0.8462,0.6883,0.8679,0.8478,0.8718,1.3529,0.4348,1.1500,,64.6590,19.3213,2.1013,0.6838,0.4803,0.3562,0.2527,0.2000,0.1493,0.1185,0.0964,0.0730,0.0625,0.0461,0.0390,0.0328,0.0270,0.0198,0.0198,0.0125,0.0113,0.0109,0.0092,0.0064,0.0055,0.0047,0.0041,0.0055,0.0024,0.0028,0.0217
large,git.rails.tdag,152557,,17581,11.5242,,106079,16844,5708,2786,1508,831,503,281,152,97,65,37,23,14,6,3,2,4,1,0,4,2,2,1,1,1,0,1,0,2,18,,0.1588,0.3389,0.4881,0.5413,0.5511,0.6053,0.5586,0.5409,0.6382,0.6701,0.5692,0.6216,0.6087,0.4286,0.5000,0.6667,2.0000,0.2500,0.0000,0.0000,0.5000,1.0000,0.5000,1.0000,1.0000,0.0000,0.0000,0.0000,0.0000,,69.5340,11.0411,3.7416,1.8262,0.9885,0.5447,0.3297,0.1842,0.0996,0.0636,0.0426,0.0243,0.0151,0.0092,0.0039,0.0020,0.0013,0.0026,0.0007,0.0000,0.0026,0.0013,0.0013,0.0007,0.0007,0.0007,0.0000,0.0007,0.0000,0.0013,0.0118
large,git.react-native.tdag,112782,,21892,19.4109,,76316,7358,3077,1604,953,570,344,194,136,96,56,47,27,20,15,13,13,4,7,5,4,3,3,2,2,1,1,0,1,0,18,,0.0964,0.4182,0.5213,0.5941,0.5981,0.6035,0.5640,0.7010,0.7059,0.5833,0.8393,0.5745,0.7407,0.7500,0.8667,1.0000,0.3077,1.7500,0.7143,0.8000,0.7500,1.0000,0.6667,1.0000,0.5000,1.0000,0.0000,0.0000,0.0000,,67.6668,6.5241,2.7283,1.4222,0.8450,0.5054,0.3050,0.1720,0.1206,0.0851,0.0497,0.0417,0.0239,0.0177,0.0133,0.0115,0.0115,0.0035,0.0062,0.0044,0.0035,0.0027,0.0027,0.0018,0.0018,0.0009,0.0009,0.0000,0.0009,0.0000,0.0160
large,git.roslyn.tdag,193622,,14544,7.5115,,152519,13239,5355,3042,1748,1078,734,461,291,169,141,83,56,51,33,24,15,9,9,3,2,1,2,1,2,3,1,1,2,1,2,,0.0868,0.4045,0.5681,0.5746,0.6167,0.6809,0.6281,0.6312,0.5808,0.8343,0.5887,0.6747,0.9107,0.6471,0.7273,0.6250,0.6000,1.0000,0.3333,0.6667,0.5000,2.0000,0.5000,2.0000,1.5000,0.3333,1.0000,2.0000,0.5000,,78.7715,6.8375,2.7657,1.5711,0.9028,0.5568,0.3791,0.2381,0.1503,0.0873,0.0728,0.0429,0.0289,0.0263,0.0170,0.0124,0.0077,0.0046,0.0046,0.0015,0.0010,0.0005,0.0010,0.0005,0.0010,0.0015,0.0005,0.0005,0.0010,0.0005,0.0010
large,git.ruby.tdag,167518,,13787,8.2302,,142742,7892,2005,622,242,101,35,24,14,13,6,8,4,7,0,1,1,0,0,0,2,1,1,0,0,0,1,0,0,1,8,,0.0553,0.2541,0.3102,0.3891,0.4174,0.3465,0.6857,0.5833,0.9286,0.4615,1.3333,0.5000,1.7500,0.0000,0.0000,1.0000,0.0000,0.0000,0.0000,0.0000,0.5000,1.0000,0.0000,0.0000,0.0000,0.0000,0.0000,0.0000,0.0000,,85.2099,4.7111,1.1969,0.3713,0.1445,0.0603,0.0209,0.0143,0.0084,0.0078,0.0036,0.0048,0.0024,0.0042,0.0000,0.0006,0.0006,0.0000,0.0000,0.0000,0.0012,0.0006,0.0006,0.0000,0.0000,0.0000,0.0006,0.0000,0.0000,0.0006,0.0048
large,git.runtime.tdag,501413,,44632,8.9012,,395991,34019,12798,6071,3294,1841,1014,613,423,266,147,109,63,41,29,14,11,11,4,1,6,3,1,1,2,2,0,0,1,2,3,,0.0859,0.3762,0.4744,0.5426,0.5589,0.5508,0.6045,0.6900,0.6288,0.5526,0.7415,0.5780,0.6508,0.7073,0.4828,0.7857,1.0000,0.3636,0.2500,6.0000,0.5000,0.3333,1.0000,2.0000,1.0000,0.0000,0.0000,0.0000,2.0000,,78.9750,6.7846,2.5524,1.2108,0.6569,0.3672,0.2022,0.1223,0.0844,0.0531,0.0293,0.0217,0.0126,0.0082,0.0058,0.0028,0.0022,0.0022,0.0008,0.0002,0.0012,0.0006,0.0002,0.0002,0.0004,0.0004,0.0000,0.0000,0.0002,0.0004,0.0006
large,git.rust.tdag,454658,,23503,5.1694,,353224,40236,16169,8160,4726,2724,1805,1194,754,575,380,272,212,161,117,106,77,38,45,30,28,16,18,16,12,10,7,4,5,7,27,,0.1139,0.4019,0.5047,0.5792,0.5764,0.6626,0.6615,0.6315,0.7626,0.6609,0.7158,0.7794,0.7594,0.7267,0.9060,0.7264,0.4935,1.1842,0.6667,0.9333,0.5714,1.1250,0.8889,0.7500,0.8333,0.7000,0.5714,1.2500,1.4000,,77.6900,8.8497,3.5563,1.7948,1.0395,0.5991,0.3970,0.2626,0.1658,0.1265,0.0836,0.0598,0.0466,0.0354,0.0257,0.0233,0.0169,0.0084,0.0099,0.0066,0.0062,0.0035,0.0040,0.0035,0.0026,0.0022,0.0015,0.0009,0.0011,0.0015,0.0059
large,git.scikit-learn.tdag,164426,,16913,10.2861,,133547,6736,2351,1403,940,688,504,305,233,190,134,111,74,60,48,44,34,23,13,10,12,11,9,5,7,3,1,5,3,1,8,,0.0504,0.3490,0.5968,0.6700,0.7319,0.7326,0.6052,0.7639,0.8155,0.7053,0.8284,0.6667,0.8108,0.8000,0.9167,0.7727,0.6765,0.5652,0.7692,1.2000,0.9167,0.8182,0.5556,1.4000,0.4286,0.3333,5.0000,0.6000,0.3333,,81.2201,4.0967,1.4298,0.8533,0.5717,0.4184,0.3065,0.1855,0.1417,0.1156,0.0815,0.0675,0.0450,0.0365,0.0292,0.0268,0.0207,0.0140,0.0079,0.0061,0.0073,0.0067,0.0055,0.0030,0.0043,0.0018,0.0006,0.0030,0.0018,0.0006,0.0049
large,git.shardingsphere.tdag,105913,,21051,19.8757,,68116,10045,3674,1637,730,337,172,72,31,18,17,8,3,1,1,0,0,0,0,0,0,0,0,0,0,0,0,0,0,0,0,,0.1475,0.3658,0.4456,0.4459,0.4616,0.5104,0.4186,0.4306,0.5806,0.9444,0.4706,0.3750,0.3333,1.0000,0.0000,0.0000,0.0000,0.0000,0.0000,0.0000,0.0000,0.0000,0.0000,0.0000,0.0000,0.0000,0.0000,0.0000,0.0000,,64.3132,9.4842,3.4689,1.5456,0.6892,0.3182,0.1624,0.0680,0.0293,0.0170,0.0161,0.0076,0.0028,0.0009,0.0009,0.0000,0.0000,0.0000,0.0000,0.0000,0.0000,0.0000,0.0000,0.0000,0.0000,0.0000,0.0000,0.0000,0.0000,0.0000,0.0000
large,git.spark.tdag,332366,,50481,15.1884,,249070,14566,6211,3875,2473,1726,1141,812,532,386,297,213,137,85,80,46,41,28,24,13,14,20,9,8,7,3,3,5,4,3,53,,0.0585,0.4264,0.6239,0.6382,0.6979,0.6611,0.7117,0.6552,0.7256,0.7694,0.7172,0.6432,0.6204,0.9412,0.5750,0.8913,0.6829,0.8571,0.5417,1.0769,1.4286,0.4500,0.8889,0.8750,0.4286,1.0000,1.6667,0.8000,0.7500,,74.9385,4.3825,1.8687,1.1659,0.7441,0.5193,0.3433,0.2443,0.1601,0.1161,0.0894,0.0641,0.0412,0.0256,0.0241,0.0138,0.0123,0.0084,0.0072,0.0039,0.0042,0.0060,0.0027,0.0024,0.0021,0.0009,0.0009,0.0015,0.0012,0.0009,0.0159
large,git.swift.tdag,265418,,14595,5.4989,,207053,18504,11017,6164,3431,1944,1090,630,387,240,120,63,53,34,31,9,5,8,4,6,3,2,3,1,3,0,1,2,1,1,13,,0.0894,0.5954,0.5595,0.5566,0.5666,0.5607,0.5780,0.6143,0.6202,0.5000,0.5250,0.8413,0.6415,0.9118,0.2903,0.5556,1.6000,0.5000,1.5000,0.5000,0.6667,1.5000,0.3333,3.0000,0.0000,0.0000,2.0000,0.5000,1.0000,,78.0102,6.9716,4.1508,2.3224,1.2927,0.7324,0.4107,0.2374,0.1458,0.0904,0.0452,0.0237,0.0200,0.0128,0.0117,0.0034,0.0019,0.0030,0.0015,0.0023,0.0011,0.0008,0.0011,0.0004,0.0011,0.0000,0.0004,0.0008,0.0004,0.0004,0.0049
large,git.symfony.tdag,131646,,14398,10.9369,,87601,15953,6496,3115,1633,898,517,310,225,142,88,70,31,38,22,21,11,15,6,8,5,3,4,3,2,2,1,1,1,2,24,,0.1821,0.4072,0.4795,0.5242,0.5499,0.5757,0.5996,0.7258,0.6311,0.6197,0.7955,0.4429,1.2258,0.5789,0.9545,0.5238,1.3636,0.4000,1.3333,0.6250,0.6000,1.3333,0.7500,0.6667,1.0000,0.5000,1.0000,1.0000,2.0000,,66.5428,12.1181,4.9344,2.3662,1.2404,0.6821,0.3927,0.2355,0.1709,0.1079,0.0668,0.0532,0.0235,0.0289,0.0167,0.0160,0.0084,0.0114,0.0046,0.0061,0.0038,0.0023,0.0030,0.0023,0.0015,0.0015,0.0008,0.0008,0.0008,0.0015,0.0182
large,git.tensorflow.tdag,261788,,20570,7.8575,,215109,17385,4653,1635,764,471,288,204,143,102,81,77,56,55,30,35,22,18,16,11,10,2,6,1,1,2,3,4,4,3,27,,0.0808,0.2676,0.3514,0.4673,0.6165,0.6115,0.7083,0.7010,0.7133,0.7941,0.9506,0.7273,0.9821,0.5455,1.1667,0.6286,0.8182,0.8889,0.6875,0.9091,0.2000,3.0000,0.1667,1.0000,2.0000,1.5000,1.3333,1.0000,0.7500,,82.1692,6.6409,1.7774,0.6246,0.2918,0.1799,0.1100,0.0779,0.0546,0.0390,0.0309,0.0294,0.0214,0.0210,0.0115,0.0134,0.0084,0.0069,0.0061,0.0042,0.0038,0.0008,0.0023,0.0004,0.0004,0.0008,0.0011,0.0015,0.0015,0.0011,0.0103
large,git.vscode.tdag,232068,,31623,13.6266,,168626,18824,6310,3025,1559,893,482,288,174,94,62,38,19,12,10,6,5,2,3,3,2,0,1,0,0,1,1,0,0,0,5,,0.1116,0.3352,0.4794,0.5154,0.5728,0.5398,0.5975,0.6042,0.5402,0.6596,0.6129,0.5000,0.6316,0.8333,0.6000,0.8333,0.4000,1.5000,1.0000,0.6667,0.0000,0.0000,0.0000,0.0000,0.0000,1.0000,0.0000,0.0000,0.0000,,72.6623,8.1114,2.7190,1.3035,0.6718,0.3848,0.2077,0.1241,0.0750,0.0405,0.0267,0.0164,0.0082,0.0052,0.0043,0.0026,0.0022,0.0009,0.0013,0.0013,0.0009,0.0000,0.0004,0.0000,0.0000,0.0004,0.0004,0.0000,0.0000,0.0000,0.0022